,01_data(05~18),,,,02_data(05~18),,,,,03_data(14~18),,,,,,,,,"06_data(05,10,15,16,17,18)",,,,,,,,,11_data(13~18),,,,,,,,,,,13_data(15~18),,,,,,07_data(10~18),,,08_data(13~18),04_data(10~18),,,,,,,,,,,,,,,,,,,,,05_data(10~18),,,,,,
년도,자치구,사람 수,남자수,여자수,유기견수,복귀,입양분양,폐사안락사,계류기증,있다,없다,동물판매업소,유상입양,무상입양,인터넷을 통해 구입,유기동물 입양,원래 기르던 동물이 낳은 새끼,기타,계,1인가구,2인가구,3인가구,4인가구,5인 가구,6인가구,7인이상 가구,평균가구원수,전체세대,1인세대,2인세대,3인세대,4인세대,5인세대,6인세대,7인세대,8인세대,9인세대,10인세대 이상,합계,단독주택,아파트,연립주택,다세대주택,비거주용 건물내 주택,행정구역면적(㎡),공원면적(㎡),공원율(%),공원 계,합계,단독주택,아파트,연립주택,다세대주택,비거주용 건물내 주택,주택이외의 거처,합계_남,합계_여,단독주택_남,단독주택_여,아파트_남,아파트_여,연립주택_남,연립주택_여,다세대주택_남,다세대주택_여,비거주용 건물내 주택_남,비거주용 건물내 주택_여,주택이외의 거처_남,주택이외의 거처_여,20세미만,20대,30대,40대,50대,60대,70대이상
2005,합계,10167344,5062492,5104852,14679,601,525,7736,5817,,,,,,,,,,3309890,675739,670455,732043,917243,248450,49781,16179,2.9,,,,,,,,,,,,,,,,,,,,,,,,,,,,,,,,,,,,,,,,,,,,,,,,,
2005,종로구,169315,84981,84334,258,12,3,89,154,,,,,,,,,,54534,14592,11641,10624,12373,4087,905,312,2.7,,,,,,,,,,,,,,,,,,,,,,,,,,,,,,,,,,,,,,,,,,,,,,,,,
2005,중구,130027,64995,65032,264,0,9,102,153,,,,,,,,,,46625,13128,9833,9270,9961,3538,627,268,2.7,,,,,,,,,,,,,,,,,,,,,,,,,,,,,,,,,,,,,,,,,,,,,,,,,
2005,용산구,230260,113158,117102,383,12,12,170,189,,,,,,,,,,76125,18218,18032,16187,17302,4902,1088,396,2.7,,,,,,,,,,,,,,,,,,,,,,,,,,,,,,,,,,,,,,,,,,,,,,,,,
2005,성동구,337744,169346,168398,431,19,7,96,309,,,,,,,,,,111485,23161,24104,24784,28823,8263,1756,594,2.8,,,,,,,,,,,,,,,,,,,,,,,,,,,,,,,,,,,,,,,,,,,,,,,,,
2005,광진구,375613,187320,188293,788,47,16,290,435,,,,,,,,,,125845,27975,26349,26617,33676,8877,1772,579,2.8,,,,,,,,,,,,,,,,,,,,,,,,,,,,,,,,,,,,,,,,,,,,,,,,,
2005,동대문구,381110,192317,188793,375,8,14,160,193,,,,,,,,,,131213,32710,27114,26816,31631,10078,2140,724,2.8,,,,,,,,,,,,,,,,,,,,,,,,,,,,,,,,,,,,,,,,,,,,,,,,,
2005,중랑구,427373,213775,213598,658,27,17,591,23,,,,,,,,,,137907,25622,27876,31417,39299,10646,2344,703,2.9,,,,,,,,,,,,,,,,,,,,,,,,,,,,,,,,,,,,,,,,,,,,,,,,,
2005,성북구,462879,230451,232428,564,19,10,148,387,,,,,,,,,,146894,28278,30470,33140,39923,11541,2683,859,2.9,,,,,,,,,,,,,,,,,,,,,,,,,,,,,,,,,,,,,,,,,,,,,,,,,
2005,강북구,353260,175723,177537,576,22,11,521,22,,,,,,,,,,112719,19661,23947,26804,30732,8733,2073,769,3,,,,,,,,,,,,,,,,,,,,,,,,,,,,,,,,,,,,,,,,,,,,,,,,,
2005,도봉구,381529,189766,191763,556,27,17,488,24,,,,,,,,,,116492,15890,22224,28227,37951,9575,1972,653,3.1,,,,,,,,,,,,,,,,,,,,,,,,,,,,,,,,,,,,,,,,,,,,,,,,,
2005,노원구,622003,306356,315647,560,26,11,244,279,,,,,,,,,,191342,25701,36951,46455,63524,15091,2827,793,3.1,,,,,,,,,,,,,,,,,,,,,,,,,,,,,,,,,,,,,,,,,,,,,,,,,
2005,은평구,470751,233418,237333,823,32,11,752,28,,,,,,,,,,145477,23461,30238,35247,41328,11595,2636,972,3,,,,,,,,,,,,,,,,,,,,,,,,,,,,,,,,,,,,,,,,,,,,,,,,,
2005,서대문구,349163,171773,177390,596,24,7,146,419,,,,,,,,,,117866,26764,25469,25293,29296,8394,1941,709,2.8,,,,,,,,,,,,,,,,,,,,,,,,,,,,,,,,,,,,,,,,,,,,,,,,,
2005,마포구,388164,190582,197582,557,17,5,529,6,,,,,,,,,,135042,34262,30249,28207,30947,8756,1963,658,2.7,,,,,,,,,,,,,,,,,,,,,,,,,,,,,,,,,,,,,,,,,,,,,,,,,
2005,양천구,499755,250040,249715,843,28,12,767,36,,,,,,,,,,148261,20344,25960,34842,51480,12720,2263,652,3.1,,,,,,,,,,,,,,,,,,,,,,,,,,,,,,,,,,,,,,,,,,,,,,,,,
2005,강서구,553660,274159,279501,1069,45,9,374,641,,,,,,,,,,178045,31163,35534,41570,52590,13674,2690,824,3,,,,,,,,,,,,,,,,,,,,,,,,,,,,,,,,,,,,,,,,,,,,,,,,,
2005,구로구,416405,211109,205296,601,17,9,229,346,,,,,,,,,,132705,23406,26124,30326,39037,10917,2203,692,3,,,,,,,,,,,,,,,,,,,,,,,,,,,,,,,,,,,,,,,,,,,,,,,,,
2005,금천구,256902,130883,126019,340,6,5,323,6,,,,,,,,,,85171,18201,16598,18347,23984,6359,1282,400,2.9,,,,,,,,,,,,,,,,,,,,,,,,,,,,,,,,,,,,,,,,,,,,,,,,,
2005,영등포구,408386,206376,202010,588,16,8,268,296,,,,,,,,,,135609,28624,29255,29601,35967,9622,1933,607,2.8,,,,,,,,,,,,,,,,,,,,,,,,,,,,,,,,,,,,,,,,,,,,,,,,,
2005,동작구,410481,203993,206488,679,26,11,616,26,,,,,,,,,,136863,28068,29717,30434,35661,10130,2118,735,2.9,,,,,,,,,,,,,,,,,,,,,,,,,,,,,,,,,,,,,,,,,,,,,,,,,
2005,관악구,530020,270064,259956,717,25,16,240,436,,,,,,,,,,202788,66058,40181,37525,43105,12397,2639,883,2.5,,,,,,,,,,,,,,,,,,,,,,,,,,,,,,,,,,,,,,,,,,,,,,,,,
2005,서초구,401736,196268,205468,359,19,7,77,256,,,,,,,,,,124933,24349,24999,27892,36003,9720,1508,462,2.9,,,,,,,,,,,,,,,,,,,,,,,,,,,,,,,,,,,,,,,,,,,,,,,,,
2005,강남구,540909,262628,278281,581,48,277,89,167,,,,,,,,,,186020,50545,37017,37099,47661,11747,1511,440,2.7,,,,,,,,,,,,,,,,,,,,,,,,,,,,,,,,,,,,,,,,,,,,,,,,,
2005,송파구,605840,299659,306181,791,38,16,195,542,,,,,,,,,,187000,31972,34772,42391,58994,15352,2725,794,3,,,,,,,,,,,,,,,,,,,,,,,,,,,,,,,,,,,,,,,,,,,,,,,,,
2005,강동구,464059,233352,230707,722,41,5,232,444,,,,,,,,,,142929,23586,25801,32928,45995,11736,2182,701,3,,,,,,,,,,,,,,,,,,,,,,,,,,,,,,,,,,,,,,,,,,,,,,,,,
2006,합계,10181166,5062107,5119059,11423,666,695,5310,4752,,,,,,,,,,,,,,,,,,,,,,,,,,,,,,,,,,,,,,,,,,,,,,,,,,,,,,,,,,,,,,,,,,,
2006,종로구,166793,83634,83159,185,14,3,66,102,,,,,,,,,,,,,,,,,,,,,,,,,,,,,,,,,,,,,,,,,,,,,,,,,,,,,,,,,,,,,,,,,,,
2006,중구,130649,65208,65441,148,7,3,29,109,,,,,,,,,,,,,,,,,,,,,,,,,,,,,,,,,,,,,,,,,,,,,,,,,,,,,,,,,,,,,,,,,,,
2006,용산구,232035,114041,117994,296,13,6,96,181,,,,,,,,,,,,,,,,,,,,,,,,,,,,,,,,,,,,,,,,,,,,,,,,,,,,,,,,,,,,,,,,,,,
2006,성동구,334437,167763,166674,303,14,8,269,12,,,,,,,,,,,,,,,,,,,,,,,,,,,,,,,,,,,,,,,,,,,,,,,,,,,,,,,,,,,,,,,,,,,
2006,광진구,374442,186268,188174,637,33,14,188,402,,,,,,,,,,,,,,,,,,,,,,,,,,,,,,,,,,,,,,,,,,,,,,,,,,,,,,,,,,,,,,,,,,,
2006,동대문구,378860,190947,187913,450,24,9,153,264,,,,,,,,,,,,,,,,,,,,,,,,,,,,,,,,,,,,,,,,,,,,,,,,,,,,,,,,,,,,,,,,,,,
2006,중랑구,426078,212918,213160,510,28,25,442,15,,,,,,,,,,,,,,,,,,,,,,,,,,,,,,,,,,,,,,,,,,,,,,,,,,,,,,,,,,,,,,,,,,,
2006,성북구,472843,235057,237786,506,29,8,160,309,,,,,,,,,,,,,,,,,,,,,,,,,,,,,,,,,,,,,,,,,,,,,,,,,,,,,,,,,,,,,,,,,,,
2006,강북구,348990,173510,175480,490,24,13,441,12,,,,,,,,,,,,,,,,,,,,,,,,,,,,,,,,,,,,,,,,,,,,,,,,,,,,,,,,,,,,,,,,,,,
2006,도봉구,377534,187442,190092,440,28,18,364,30,,,,,,,,,,,,,,,,,,,,,,,,,,,,,,,,,,,,,,,,,,,,,,,,,,,,,,,,,,,,,,,,,,,
2006,노원구,618093,304047,314046,420,24,11,98,287,,,,,,,,,,,,,,,,,,,,,,,,,,,,,,,,,,,,,,,,,,,,,,,,,,,,,,,,,,,,,,,,,,,
2006,은평구,464580,230143,234437,683,42,16,586,39,,,,,,,,,,,,,,,,,,,,,,,,,,,,,,,,,,,,,,,,,,,,,,,,,,,,,,,,,,,,,,,,,,,
2006,서대문구,349020,171098,177922,484,36,13,101,334,,,,,,,,,,,,,,,,,,,,,,,,,,,,,,,,,,,,,,,,,,,,,,,,,,,,,,,,,,,,,,,,,,,
2006,마포구,390583,191287,199296,455,27,12,188,228,,,,,,,,,,,,,,,,,,,,,,,,,,,,,,,,,,,,,,,,,,,,,,,,,,,,,,,,,,,,,,,,,,,
2006,양천구,501717,250479,251238,593,34,12,513,34,,,,,,,,,,,,,,,,,,,,,,,,,,,,,,,,,,,,,,,,,,,,,,,,,,,,,,,,,,,,,,,,,,,
2006,강서구,554945,274528,280417,741,27,24,203,487,,,,,,,,,,,,,,,,,,,,,,,,,,,,,,,,,,,,,,,,,,,,,,,,,,,,,,,,,,,,,,,,,,,
2006,구로구,419832,212559,207273,477,27,16,185,249,,,,,,,,,,,,,,,,,,,,,,,,,,,,,,,,,,,,,,,,,,,,,,,,,,,,,,,,,,,,,,,,,,,
2006,금천구,253243,129041,124202,295,10,6,272,7,,,,,,,,,,,,,,,,,,,,,,,,,,,,,,,,,,,,,,,,,,,,,,,,,,,,,,,,,,,,,,,,,,,
2006,영등포구,408698,206343,202355,372,12,14,121,225,,,,,,,,,,,,,,,,,,,,,,,,,,,,,,,,,,,,,,,,,,,,,,,,,,,,,,,,,,,,,,,,,,,
2006,동작구,408582,202449,206133,470,28,11,299,132,,,,,,,,,,,,,,,,,,,,,,,,,,,,,,,,,,,,,,,,,,,,,,,,,,,,,,,,,,,,,,,,,,,
2006,관악구,535217,272339,262878,576,21,17,161,377,,,,,,,,,,,,,,,,,,,,,,,,,,,,,,,,,,,,,,,,,,,,,,,,,,,,,,,,,,,,,,,,,,,
2006,서초구,408266,198874,209392,229,12,4,54,159,,,,,,,,,,,,,,,,,,,,,,,,,,,,,,,,,,,,,,,,,,,,,,,,,,,,,,,,,,,,,,,,,,,
2006,강남구,556964,269857,287107,541,76,406,42,17,,,,,,,,,,,,,,,,,,,,,,,,,,,,,,,,,,,,,,,,,,,,,,,,,,,,,,,,,,,,,,,,,,,
2006,송파구,607005,300173,306832,584,32,15,149,388,,,,,,,,,,,,,,,,,,,,,,,,,,,,,,,,,,,,,,,,,,,,,,,,,,,,,,,,,,,,,,,,,,,
2006,강동구,461760,232102,229658,538,44,11,130,353,,,,,,,,,,,,,,,,,,,,,,,,,,,,,,,,,,,,,,,,,,,,,,,,,,,,,,,,,,,,,,,,,,,
2007,합계,10192710,5063188,5129522,9910,787,929,8189,5,,,,,,,,,,,,,,,,,,,,,,,,,,,,,,,,,,,,,,,,,,,,,,,,,,,,,,,,,,,,,,,,,,,
2007,종로구,165846,83104,82742,164,10,5,149,-,,,,,,,,,,,,,,,,,,,,,,,,,,,,,,,,,,,,,,,,,,,,,,,,,,,,,,,,,,,,,,,,,,,
2007,중구,130044,64908,65136,143,10,3,130,-,,,,,,,,,,,,,,,,,,,,,,,,,,,,,,,,,,,,,,,,,,,,,,,,,,,,,,,,,,,,,,,,,,,
2007,용산구,235832,115865,119967,540,72,343,125,-,,,,,,,,,,,,,,,,,,,,,,,,,,,,,,,,,,,,,,,,,,,,,,,,,,,,,,,,,,,,,,,,,,,
2007,성동구,333535,167424,166111,287,10,12,265,-,,,,,,,,,,,,,,,,,,,,,,,,,,,,,,,,,,,,,,,,,,,,,,,,,,,,,,,,,,,,,,,,,,,
2007,광진구,376572,186945,189627,472,31,30,411,-,,,,,,,,,,,,,,,,,,,,,,,,,,,,,,,,,,,,,,,,,,,,,,,,,,,,,,,,,,,,,,,,,,,
2007,동대문구,376421,189686,186735,368,19,17,332,-,,,,,,,,,,,,,,,,,,,,,,,,,,,,,,,,,,,,,,,,,,,,,,,,,,,,,,,,,,,,,,,,,,,
2007,중랑구,427071,213662,213409,425,31,24,370,-,,,,,,,,,,,,,,,,,,,,,,,,,,,,,,,,,,,,,,,,,,,,,,,,,,,,,,,,,,,,,,,,,,,
2007,성북구,469973,233505,236468,383,22,20,341,-,,,,,,,,,,,,,,,,,,,,,,,,,,,,,,,,,,,,,,,,,,,,,,,,,,,,,,,,,,,,,,,,,,,
2007,강북구,345478,171730,173748,424,29,20,375,-,,,,,,,,,,,,,,,,,,,,,,,,,,,,,,,,,,,,,,,,,,,,,,,,,,,,,,,,,,,,,,,,,,,
2007,도봉구,375975,186424,189551,342,30,21,287,4,,,,,,,,,,,,,,,,,,,,,,,,,,,,,,,,,,,,,,,,,,,,,,,,,,,,,,,,,,,,,,,,,,,
2007,노원구,616753,302823,313930,416,36,23,357,-,,,,,,,,,,,,,,,,,,,,,,,,,,,,,,,,,,,,,,,,,,,,,,,,,,,,,,,,,,,,,,,,,,,
2007,은평구,459196,227286,231910,624,51,23,550,-,,,,,,,,,,,,,,,,,,,,,,,,,,,,,,,,,,,,,,,,,,,,,,,,,,,,,,,,,,,,,,,,,,,
2007,서대문구,348575,170588,177987,398,31,9,358,-,,,,,,,,,,,,,,,,,,,,,,,,,,,,,,,,,,,,,,,,,,,,,,,,,,,,,,,,,,,,,,,,,,,
2007,마포구,392650,192383,200267,349,25,8,316,-,,,,,,,,,,,,,,,,,,,,,,,,,,,,,,,,,,,,,,,,,,,,,,,,,,,,,,,,,,,,,,,,,,,
2007,양천구,503650,251355,252295,479,42,33,404,-,,,,,,,,,,,,,,,,,,,,,,,,,,,,,,,,,,,,,,,,,,,,,,,,,,,,,,,,,,,,,,,,,,,
2007,강서구,560424,276977,283447,631,41,35,555,-,,,,,,,,,,,,,,,,,,,,,,,,,,,,,,,,,,,,,,,,,,,,,,,,,,,,,,,,,,,,,,,,,,,
2007,구로구,420542,212665,207877,402,25,27,350,-,,,,,,,,,,,,,,,,,,,,,,,,,,,,,,,,,,,,,,,,,,,,,,,,,,,,,,,,,,,,,,,,,,,
2007,금천구,249108,126977,122131,268,19,4,245,-,,,,,,,,,,,,,,,,,,,,,,,,,,,,,,,,,,,,,,,,,,,,,,,,,,,,,,,,,,,,,,,,,,,
2007,영등포구,408178,205976,202202,344,26,17,301,-,,,,,,,,,,,,,,,,,,,,,,,,,,,,,,,,,,,,,,,,,,,,,,,,,,,,,,,,,,,,,,,,,,,
2007,동작구,405967,200891,205076,420,23,15,381,1,,,,,,,,,,,,,,,,,,,,,,,,,,,,,,,,,,,,,,,,,,,,,,,,,,,,,,,,,,,,,,,,,,,
2007,관악구,535571,272618,262953,527,43,27,457,-,,,,,,,,,,,,,,,,,,,,,,,,,,,,,,,,,,,,,,,,,,,,,,,,,,,,,,,,,,,,,,,,,,,
2007,서초구,405969,197555,208414,201,20,17,164,-,,,,,,,,,,,,,,,,,,,,,,,,,,,,,,,,,,,,,,,,,,,,,,,,,,,,,,,,,,,,,,,,,,,
2007,강남구,560958,270925,290033,401,67,153,181,-,,,,,,,,,,,,,,,,,,,,,,,,,,,,,,,,,,,,,,,,,,,,,,,,,,,,,,,,,,,,,,,,,,,
2007,송파구,623876,307693,316183,451,34,12,405,-,,,,,,,,,,,,,,,,,,,,,,,,,,,,,,,,,,,,,,,,,,,,,,,,,,,,,,,,,,,,,,,,,,,
2007,강동구,464546,233223,231323,451,40,31,380,-,,,,,,,,,,,,,,,,,,,,,,,,,,,,,,,,,,,,,,,,,,,,,,,,,,,,,,,,,,,,,,,,,,,
2008,합계,10200827,5061809,5139018,11279,1370,3206,6435,268,,,,,,,,,,,,,,,,,,,,,,,,,,,,,,,,,,,,,,,,,,,,,,,,,,,,,,,,,,,,,,,,,,,
2008,종로구,170705,85398,85307,264,36,112,98,18,,,,,,,,,,,,,,,,,,,,,,,,,,,,,,,,,,,,,,,,,,,,,,,,,,,,,,,,,,,,,,,,,,,
2008,중구,130362,65110,65252,167,12,9,146,-,,,,,,,,,,,,,,,,,,,,,,,,,,,,,,,,,,,,,,,,,,,,,,,,,,,,,,,,,,,,,,,,,,,
2008,용산구,238224,116781,121443,555,49,282,224,-,,,,,,,,,,,,,,,,,,,,,,,,,,,,,,,,,,,,,,,,,,,,,,,,,,,,,,,,,,,,,,,,,,,
2008,성동구,314212,157602,156610,243,22,8,211,2,,,,,,,,,,,,,,,,,,,,,,,,,,,,,,,,,,,,,,,,,,,,,,,,,,,,,,,,,,,,,,,,,,,
2008,광진구,375482,186237,189245,417,36,34,347,-,,,,,,,,,,,,,,,,,,,,,,,,,,,,,,,,,,,,,,,,,,,,,,,,,,,,,,,,,,,,,,,,,,,
2008,동대문구,370250,186744,183506,371,35,32,304,-,,,,,,,,,,,,,,,,,,,,,,,,,,,,,,,,,,,,,,,,,,,,,,,,,,,,,,,,,,,,,,,,,,,
2008,중랑구,427871,214351,213520,388,25,19,344,-,,,,,,,,,,,,,,,,,,,,,,,,,,,,,,,,,,,,,,,,,,,,,,,,,,,,,,,,,,,,,,,,,,,
2008,성북구,473357,234730,238627,658,116,317,211,14,,,,,,,,,,,,,,,,,,,,,,,,,,,,,,,,,,,,,,,,,,,,,,,,,,,,,,,,,,,,,,,,,,,
2008,강북구,342274,169887,172387,534,72,258,192,12,,,,,,,,,,,,,,,,,,,,,,,,,,,,,,,,,,,,,,,,,,,,,,,,,,,,,,,,,,,,,,,,,,,
2008,도봉구,373936,185376,188560,351,34,32,283,2,,,,,,,,,,,,,,,,,,,,,,,,,,,,,,,,,,,,,,,,,,,,,,,,,,,,,,,,,,,,,,,,,,,
2008,노원구,615981,301982,313999,365,47,23,293,2,,,,,,,,,,,,,,,,,,,,,,,,,,,,,,,,,,,,,,,,,,,,,,,,,,,,,,,,,,,,,,,,,,,
2008,은평구,458401,226636,231765,529,54,36,439,-,,,,,,,,,,,,,,,,,,,,,,,,,,,,,,,,,,,,,,,,,,,,,,,,,,,,,,,,,,,,,,,,,,,
2008,서대문구,331688,162350,169338,525,70,335,118,2,,,,,,,,,,,,,,,,,,,,,,,,,,,,,,,,,,,,,,,,,,,,,,,,,,,,,,,,,,,,,,,,,,,
2008,마포구,385119,188327,196792,414,33,62,311,8,,,,,,,,,,,,,,,,,,,,,,,,,,,,,,,,,,,,,,,,,,,,,,,,,,,,,,,,,,,,,,,,,,,
2008,양천구,502343,250516,251827,684,99,374,203,8,,,,,,,,,,,,,,,,,,,,,,,,,,,,,,,,,,,,,,,,,,,,,,,,,,,,,,,,,,,,,,,,,,,
2008,강서구,576848,284817,292031,576,58,58,458,2,,,,,,,,,,,,,,,,,,,,,,,,,,,,,,,,,,,,,,,,,,,,,,,,,,,,,,,,,,,,,,,,,,,
2008,구로구,420795,212461,208334,567,86,150,286,45,,,,,,,,,,,,,,,,,,,,,,,,,,,,,,,,,,,,,,,,,,,,,,,,,,,,,,,,,,,,,,,,,,,
2008,금천구,247320,125931,121389,243,21,11,208,3,,,,,,,,,,,,,,,,,,,,,,,,,,,,,,,,,,,,,,,,,,,,,,,,,,,,,,,,,,,,,,,,,,,
2008,영등포구,408099,205732,202367,350,25,24,297,4,,,,,,,,,,,,,,,,,,,,,,,,,,,,,,,,,,,,,,,,,,,,,,,,,,,,,,,,,,,,,,,,,,,
2008,동작구,400866,197951,202915,561,69,177,302,13,,,,,,,,,,,,,,,,,,,,,,,,,,,,,,,,,,,,,,,,,,,,,,,,,,,,,,,,,,,,,,,,,,,
2008,관악구,534556,271762,262794,627,64,168,395,-,,,,,,,,,,,,,,,,,,,,,,,,,,,,,,,,,,,,,,,,,,,,,,,,,,,,,,,,,,,,,,,,,,,
2008,서초구,406320,197570,208750,281,34,66,168,13,,,,,,,,,,,,,,,,,,,,,,,,,,,,,,,,,,,,,,,,,,,,,,,,,,,,,,,,,,,,,,,,,,,
2008,강남구,557832,268963,288869,511,133,244,80,54,,,,,,,,,,,,,,,,,,,,,,,,,,,,,,,,,,,,,,,,,,,,,,,,,,,,,,,,,,,,,,,,,,,
2008,송파구,668962,329262,339700,423,32,30,361,-,,,,,,,,,,,,,,,,,,,,,,,,,,,,,,,,,,,,,,,,,,,,,,,,,,,,,,,,,,,,,,,,,,,
2008,강동구,469024,235333,233691,675,108,345,156,66,,,,,,,,,,,,,,,,,,,,,,,,,,,,,,,,,,,,,,,,,,,,,,,,,,,,,,,,,,,,,,,,,,,
2009,합계,10208302,5059269,5149033,10947,1733,3779,5147,288,,,,,,,,,,,,,,,,,,,,,,,,,,,,,,,,,,,,,,,,,,,,,,,,,,,,,,,,,,,,,,,,,,,
2009,종로구,168603,84257,84346,227,69,119,30,9,,,,,,,,,,,,,,,,,,,,,,,,,,,,,,,,,,,,,,,,,,,,,,,,,,,,,,,,,,,,,,,,,,,
2009,중구,129465,65025,64440,115,11,17,87,-,,,,,,,,,,,,,,,,,,,,,,,,,,,,,,,,,,,,,,,,,,,,,,,,,,,,,,,,,,,,,,,,,,,
2009,용산구,238708,116954,121754,541,62,298,181,-,,,,,,,,,,,,,,,,,,,,,,,,,,,,,,,,,,,,,,,,,,,,,,,,,,,,,,,,,,,,,,,,,,,
2009,성동구,308058,154333,153725,265,46,26,193,-,,,,,,,,,,,,,,,,,,,,,,,,,,,,,,,,,,,,,,,,,,,,,,,,,,,,,,,,,,,,,,,,,,,
2009,광진구,373998,185190,188808,357,46,57,251,3,,,,,,,,,,,,,,,,,,,,,,,,,,,,,,,,,,,,,,,,,,,,,,,,,,,,,,,,,,,,,,,,,,,
2009,동대문구,362146,182550,179596,321,44,47,228,2,,,,,,,,,,,,,,,,,,,,,,,,,,,,,,,,,,,,,,,,,,,,,,,,,,,,,,,,,,,,,,,,,,,
2009,중랑구,424761,212576,212185,376,51,19,306,-,,,,,,,,,,,,,,,,,,,,,,,,,,,,,,,,,,,,,,,,,,,,,,,,,,,,,,,,,,,,,,,,,,,
2009,성북구,476028,235755,240273,406,46,26,334,-,,,,,,,,,,,,,,,,,,,,,,,,,,,,,,,,,,,,,,,,,,,,,,,,,,,,,,,,,,,,,,,,,,,
2009,강북구,340367,168998,171369,430,60,53,317,-,,,,,,,,,,,,,,,,,,,,,,,,,,,,,,,,,,,,,,,,,,,,,,,,,,,,,,,,,,,,,,,,,,,
2009,도봉구,369733,182985,186748,284,35,35,208,6,,,,,,,,,,,,,,,,,,,,,,,,,,,,,,,,,,,,,,,,,,,,,,,,,,,,,,,,,,,,,,,,,,,
2009,노원구,610616,299211,311405,362,45,37,280,-,,,,,,,,,,,,,,,,,,,,,,,,,,,,,,,,,,,,,,,,,,,,,,,,,,,,,,,,,,,,,,,,,,,
2009,은평구,465895,229728,236167,924,179,492,240,13,,,,,,,,,,,,,,,,,,,,,,,,,,,,,,,,,,,,,,,,,,,,,,,,,,,,,,,,,,,,,,,,,,,
2009,서대문구,327451,160243,167208,478,84,290,104,-,,,,,,,,,,,,,,,,,,,,,,,,,,,,,,,,,,,,,,,,,,,,,,,,,,,,,,,,,,,,,,,,,,,
2009,마포구,384013,187324,196689,513,76,384,53,-,,,,,,,,,,,,,,,,,,,,,,,,,,,,,,,,,,,,,,,,,,,,,,,,,,,,,,,,,,,,,,,,,,,
2009,양천구,501395,249567,251828,578,82,230,254,12,,,,,,,,,,,,,,,,,,,,,,,,,,,,,,,,,,,,,,,,,,,,,,,,,,,,,,,,,,,,,,,,,,,
2009,강서구,572836,282529,290307,577,79,73,415,10,,,,,,,,,,,,,,,,,,,,,,,,,,,,,,,,,,,,,,,,,,,,,,,,,,,,,,,,,,,,,,,,,,,
2009,구로구,421967,212953,209014,518,85,196,182,55,,,,,,,,,,,,,,,,,,,,,,,,,,,,,,,,,,,,,,,,,,,,,,,,,,,,,,,,,,,,,,,,,,,
2009,금천구,244835,124836,119999,242,38,25,172,7,,,,,,,,,,,,,,,,,,,,,,,,,,,,,,,,,,,,,,,,,,,,,,,,,,,,,,,,,,,,,,,,,,,
2009,영등포구,405798,204349,201449,288,37,19,229,3,,,,,,,,,,,,,,,,,,,,,,,,,,,,,,,,,,,,,,,,,,,,,,,,,,,,,,,,,,,,,,,,,,,
2009,동작구,397920,196339,201581,577,77,99,343,58,,,,,,,,,,,,,,,,,,,,,,,,,,,,,,,,,,,,,,,,,,,,,,,,,,,,,,,,,,,,,,,,,,,
2009,관악구,529869,269023,260846,785,101,421,211,52,,,,,,,,,,,,,,,,,,,,,,,,,,,,,,,,,,,,,,,,,,,,,,,,,,,,,,,,,,,,,,,,,,,
2009,서초구,425481,206346,219135,196,27,26,143,-,,,,,,,,,,,,,,,,,,,,,,,,,,,,,,,,,,,,,,,,,,,,,,,,,,,,,,,,,,,,,,,,,,,
2009,강남구,562138,270720,291418,314,69,58,184,3,,,,,,,,,,,,,,,,,,,,,,,,,,,,,,,,,,,,,,,,,,,,,,,,,,,,,,,,,,,,,,,,,,,
2009,송파구,681476,334477,346999,519,95,328,96,-,,,,,,,,,,,,,,,,,,,,,,,,,,,,,,,,,,,,,,,,,,,,,,,,,,,,,,,,,,,,,,,,,,,
2009,강동구,484745,243001,241744,754,189,404,106,55,,,,,,,,,,,,,,,,,,,,,,,,,,,,,,,,,,,,,,,,,,,,,,,,,,,,,,,,,,,,,,,,,,,
2010,합계,10312545,5111259,5201286,11120,2006,3460,4923,731,,,,,,,,,,3504297,854606,781527,788115,807836,209061,47659,15493,2.7,,,,,,,,,,,,,,,,,,605251484,169792302,28.05,,854606,468885,170339,18489,83065,18490,95338,404576,450030,233780,235105,64801,105538,7803,10686,36039,47026,10509,7981,51644,43694,9079,219229,213731,127572,102075,87839,95081
2010,종로구,170578,85182,85396,287,79,75,21,112,,,,,,,,,,57807,18156,13073,11255,10832,3315,849,327,2.5,,,,,,,,,,,,,,,,,,23907423,10900949,45.6,,18156,10099,1517,781,2328,572,2859,8901,9255,5092,5007,592,925,275,506,1043,1285,352,220,1547,1312,331,5194,3542,2540,2194,2030,2325
2010,중구,132822,66879,65943,160,24,29,104,3,,,,,,,,,,45656,13909,10957,9357,8229,2426,580,198,2.5,,,,,,,,,,,,,,,,,,9959933,3125323,31.38,,13909,6411,3001,289,1385,646,2177,6960,6949,3115,3296,1240,1761,128,161,714,671,404,242,1359,818,155,2728,2667,2311,2163,1906,1979
2010,용산구,244853,119482,125371,461,80,193,188,-,,,,,,,,,,86470,25846,21376,17988,15721,4280,958,301,2.5,,,,,,,,,,,,,,,,,,21867354,1350163,6.17,,25846,13670,4609,675,3008,507,3377,11844,14002,6215,7455,1723,2886,298,377,1336,1672,280,227,1992,1385,178,5534,6968,4204,3056,2627,3279
2010,성동구,309093,155067,154026,247,38,45,144,20,,,,,,,,,,107114,27041,25050,23471,23512,6070,1456,514,2.7,,,,,,,,,,,,,,,,,,16848684,2869532,17.03,,27041,16230,5844,310,1638,572,2447,13762,13279,8916,7314,2264,3580,140,170,775,863,325,247,1342,1105,370,6756,6332,4362,3245,2812,3164
2010,광진구,375463,186024,189439,386,59,94,228,5,,,,,,,,,,133468,36411,30313,28304,28981,7260,1653,546,2.6,,,,,,,,,,,,,,,,,,17062040,3396085,19.9,,36411,28265,2075,581,2660,943,1887,17326,19085,13756,14509,804,1271,243,338,1159,1501,473,470,891,996,500,12097,9587,5224,3622,2670,2711
2010,동대문구,366786,184874,181912,350,46,69,140,95,,,,,,,,,,128042,36897,28178,26703,26278,7408,1924,654,2.6,,,,,,,,,,,,,,,,,,14200631,1237813,8.72,,36897,24889,5052,593,2035,806,3522,18719,18178,13078,11811,2025,3027,265,328,1055,980,444,362,1852,1670,787,12048,7156,4607,4164,3971,4164
2010,중랑구,427455,214383,213072,552,45,213,293,1,,,,,,,,,,144951,33324,33469,33753,33129,8631,2034,611,2.7,,,,,,,,,,,,,,,,,,18497619,5206879,28.15,,33324,25122,4232,931,1400,666,973,16322,17002,12719,12403,1666,2566,418,513,628,772,364,302,527,446,157,4972,7122,6655,5765,4371,4282
2010,성북구,488932,241927,247005,439,54,42,321,22,,,,,,,,,,162896,38652,36345,37098,37417,10113,2458,813,2.7,,,,,,,,,,,,,,,,,,24564862,8163714,33.23,,38652,24565,6665,731,3272,1014,2405,17621,21031,11412,13153,2778,3887,328,403,1417,1855,496,518,1190,1215,936,11744,7435,4990,4305,4277,4965
2010,강북구,346520,172109,174411,470,38,139,293,-,,,,,,,,,,117072,26054,28303,27893,25488,6934,1807,593,2.7,,,,,,,,,,,,,,,,,,23612464,14336403,60.72,,26054,16086,3706,663,3768,624,1207,11415,14639,7189,8897,1372,2334,271,392,1542,2226,362,262,679,528,137,3702,5155,4398,4306,4226,4130
2010,도봉구,368298,182407,185891,353,64,65,220,4,,,,,,,,,,118947,21233,26510,29910,31272,7719,1755,548,2.9,,,,,,,,,,,,,,,,,,20701775,10500330,50.72,,21233,9293,7233,645,2505,255,1302,9133,12100,4422,4871,2531,4702,273,372,1035,1470,143,112,729,573,119,2668,4176,3788,3461,3160,3861
2010,노원구,611230,299384,311846,354,65,78,211,-,,,,,,,,,,197168,34290,42867,48337,55483,12875,2613,703,2.9,,,,,,,,,,,,,,,,,,35436378,14125799,39.86,,34290,7977,22853,553,1329,364,1214,13836,20454,4140,3837,8030,14823,231,322,578,751,230,134,627,587,291,4792,6615,5108,5262,5500,6722
2010,은평구,488109,240536,247573,968,210,396,199,163,,,,,,,,,,154923,29795,36053,37846,37281,10368,2681,899,2.8,,,,,,,,,,,,,,,,,,29693429,15855632,53.4,,29795,14319,2997,980,9185,426,1888,13060,16735,6363,7956,1282,1715,394,586,3911,5274,194,232,916,972,97,4142,6823,5167,4563,4499,4504
2010,서대문구,324541,158857,165684,446,83,233,130,-,,,,,,,,,,112701,29943,25826,23951,23946,6691,1748,596,2.6,,,,,,,,,,,,,,,,,,17604644,5569794,31.64,,29943,16772,4436,972,4039,544,3180,13055,16888,7738,9034,1581,2855,408,564,1762,2277,229,315,1337,1843,583,9590,6074,3748,2961,3123,3864
2010,마포구,391865,191034,200831,464,90,102,61,211,,,,,,,,,,141402,41109,33534,29318,27842,7323,1739,537,2.5,,,,,,,,,,,,,,,,,,23878863,5082176,21.28,,41109,20468,6846,1235,4988,739,6833,18475,22634,9529,10939,2645,4201,485,750,2171,2817,369,370,3276,3557,635,12750,11866,5275,3559,3294,3730
2010,양천구,500001,249024,250977,639,153,243,228,15,,,,,,,,,,154239,25218,30440,38023,46514,11108,2210,726,3,,,,,,,,,,,,,,,,,,17404771,2865537,16.46,,25218,12609,6252,839,3422,354,1742,11290,13928,6178,6431,2351,3901,362,477,1420,2002,206,148,773,969,105,3519,5802,4677,4050,3188,3877
2010,강서구,574127,283248,290879,499,89,78,324,8,,,,,,,,,,193629,41804,43145,46633,46647,11965,2576,859,2.8,,,,,,,,,,,,,,,,,,41426778,4004108,9.67,,41804,15048,12891,824,5367,741,6933,19340,22464,7573,7475,5130,7761,353,471,2374,2993,430,311,3480,3453,231,7383,10802,6865,6186,4830,5507
2010,구로구,423736,214032,209704,520,92,149,241,38,,,,,,,,,,142678,30156,32185,34077,34362,9121,2091,686,2.8,,,,,,,,,,,,,,,,,,20120845,3169940,15.75,,30156,14252,5317,1110,2239,467,6771,15775,14381,7773,6479,2361,2956,424,686,1035,1204,290,177,3892,2879,141,6013,8081,5131,4006,3446,3338
2010,금천구,245195,125528,119667,268,42,61,165,-,,,,,,,,,,86533,23274,19298,18847,18689,4889,1170,366,2.6,,,,,,,,,,,,,,,,,,13000338,2189460,16.84,,23274,15052,2493,659,788,376,3906,13034,10240,8543,6509,1014,1479,290,369,368,420,255,121,2564,1342,112,4459,5472,4611,3430,2635,2555
2010,영등포구,406833,205106,201727,281,59,60,162,-,,,,,,,,,,138637,34158,32312,31145,30647,7984,1813,578,2.7,,,,,,,,,,,,,,,,,,24565689,2184367,8.89,,34158,18153,5969,393,1082,692,7869,17549,16609,9249,8904,2378,3591,166,227,516,566,422,270,4818,3051,140,7013,8862,5733,4508,3774,4128
2010,동작구,402709,198587,204122,526,81,103,319,23,,,,,,,,,,145744,40256,33201,30934,30440,8269,2002,642,2.6,,,,,,,,,,,,,,,,,,16348781,4565309,27.92,,40256,26343,5045,735,2705,1169,4259,20383,19873,13578,12765,1987,3058,342,393,1247,1458,710,459,2519,1740,654,15426,9498,4338,3385,3328,3627
2010,관악구,531434,269783,261651,617,121,313,178,5,,,,,,,,,,217359,84423,45930,38542,35910,9582,2230,742,2.3,,,,,,,,,,,,,,,,,,29568333,10964935,37.08,,84423,56278,5996,1305,3082,2471,15291,46540,37883,31471,24807,2540,3456,555,750,1443,1639,1608,863,8923,6368,1217,36312,23788,8523,5487,4688,4408
2010,서초구,434720,210652,224068,213,48,39,126,-,,,,,,,,,,136840,29188,29678,31999,34533,8787,1952,703,2.8,,,,,,,,,,,,,,,,,,47003193,15822490,33.66,,29188,12370,9205,736,2856,942,3079,12682,16506,5688,6682,3315,5890,323,413,1244,1612,561,381,1551,1528,397,7400,9114,4517,3096,2351,2313
2010,강남구,570095,274303,295792,346,82,82,176,6,,,,,,,,,,200965,59528,42772,41331,43953,10670,2012,699,2.6,,,,,,,,,,,,,,,,,,39514482,5671726,14.35,,59528,27496,18317,895,5558,987,6275,24010,35518,11658,15838,6471,11846,378,517,2105,3453,496,491,2902,3373,535,18543,19963,8055,5062,3645,3725
2010,송파구,685279,336359,348920,549,65,164,320,-,,,,,,,,,,219426,42222,46802,52671,58910,14744,3108,969,2.9,,,,,,,,,,,,,,,,,,33877674,4685813,13.83,,42222,17750,10681,639,10548,924,1680,18658,23564,8692,9058,3952,6729,278,361,4385,6163,498,426,853,827,155,8837,12764,6962,5266,3999,4239
2010,강동구,491871,246492,245379,725,199,395,131,-,,,,,,,,,,159630,31719,33910,38729,41820,10529,2240,683,2.8,,,,,,,,,,,,,,,,,,24584502,2815222,11.45,,31719,19368,7107,415,1878,689,2262,14886,16833,9693,9675,2769,4338,175,240,776,1102,368,321,1105,1157,116,5607,8067,5783,4973,3489,3684
2011,합계,10249679,5073899,5175780,8523,1759,2376,4365,23,,,,,,,,,,,,,,,,,,,,,,,,,,,,,,,,,,,,605207639,170002535,28.09,,,,,,,,,,,,,,,,,,,,,,,,,,,,,
2011,종로구,168382,83931,84451,181,26,12,143,-,,,,,,,,,,,,,,,,,,,,,,,,,,,,,,,,,,,,23907066,10898612,45.59,,,,,,,,,,,,,,,,,,,,,,,,,,,,,
2011,중구,133193,67065,66128,128,25,15,88,-,,,,,,,,,,,,,,,,,,,,,,,,,,,,,,,,,,,,9960980,3129681,31.42,,,,,,,,,,,,,,,,,,,,,,,,,,,,,
2011,용산구,246501,120183,126318,469,61,360,40,8,,,,,,,,,,,,,,,,,,,,,,,,,,,,,,,,,,,,21867848,1352723,6.19,,,,,,,,,,,,,,,,,,,,,,,,,,,,,
2011,성동구,300711,150655,150056,222,48,30,144,-,,,,,,,,,,,,,,,,,,,,,,,,,,,,,,,,,,,,16849230,2955224,17.54,,,,,,,,,,,,,,,,,,,,,,,,,,,,,
2011,광진구,371936,184103,187833,312,65,48,199,-,,,,,,,,,,,,,,,,,,,,,,,,,,,,,,,,,,,,17063205,3395585,19.9,,,,,,,,,,,,,,,,,,,,,,,,,,,,,
2011,동대문구,365486,183925,181561,419,60,126,233,-,,,,,,,,,,,,,,,,,,,,,,,,,,,,,,,,,,,,14202512,1237089,8.71,,,,,,,,,,,,,,,,,,,,,,,,,,,,,
2011,중랑구,423706,212291,211415,365,54,42,269,-,,,,,,,,,,,,,,,,,,,,,,,,,,,,,,,,,,,,18497283,5242896,28.34,,,,,,,,,,,,,,,,,,,,,,,,,,,,,
2011,성북구,485171,239726,245445,376,68,50,258,-,,,,,,,,,,,,,,,,,,,,,,,,,,,,,,,,,,,,24566950,8166745,33.24,,,,,,,,,,,,,,,,,,,,,,,,,,,,,
2011,강북구,345054,170906,174148,317,48,28,241,-,,,,,,,,,,,,,,,,,,,,,,,,,,,,,,,,,,,,23595514,14338750,60.77,,,,,,,,,,,,,,,,,,,,,,,,,,,,,
2011,도봉구,365573,181004,184569,289,46,43,200,-,,,,,,,,,,,,,,,,,,,,,,,,,,,,,,,,,,,,20701742,10505131,50.75,,,,,,,,,,,,,,,,,,,,,,,,,,,,,
2011,노원구,603930,295551,308379,308,77,47,184,-,,,,,,,,,,,,,,,,,,,,,,,,,,,,,,,,,,,,35435559,14125799,39.86,,,,,,,,,,,,,,,,,,,,,,,,,,,,,
2011,은평구,493634,242779,250855,412,78,40,294,-,,,,,,,,,,,,,,,,,,,,,,,,,,,,,,,,,,,,29694750,15855632,53.4,,,,,,,,,,,,,,,,,,,,,,,,,,,,,
2011,서대문구,314852,154033,160819,273,67,57,149,-,,,,,,,,,,,,,,,,,,,,,,,,,,,,,,,,,,,,17604570,5579538,31.69,,,,,,,,,,,,,,,,,,,,,,,,,,,,,
2011,마포구,389493,189243,200250,443,80,276,87,-,,,,,,,,,,,,,,,,,,,,,,,,,,,,,,,,,,,,23841119,5082176,21.32,,,,,,,,,,,,,,,,,,,,,,,,,,,,,
2011,양천구,500210,248927,251283,577,178,212,172,15,,,,,,,,,,,,,,,,,,,,,,,,,,,,,,,,,,,,17405468,2865537,16.46,,,,,,,,,,,,,,,,,,,,,,,,,,,,,
2011,강서구,569072,280274,288798,397,59,37,301,-,,,,,,,,,,,,,,,,,,,,,,,,,,,,,,,,,,,,41425528,4004108,9.67,,,,,,,,,,,,,,,,,,,,,,,,,,,,,
2011,구로구,427468,215474,211994,292,38,36,218,-,,,,,,,,,,,,,,,,,,,,,,,,,,,,,,,,,,,,20121865,3186942,15.84,,,,,,,,,,,,,,,,,,,,,,,,,,,,,
2011,금천구,243438,124665,118773,212,26,9,177,-,,,,,,,,,,,,,,,,,,,,,,,,,,,,,,,,,,,,13000673,2189460,16.84,,,,,,,,,,,,,,,,,,,,,,,,,,,,,
2011,영등포구,397443,199987,197456,267,57,85,125,-,,,,,,,,,,,,,,,,,,,,,,,,,,,,,,,,,,,,24566803,2189755,8.91,,,,,,,,,,,,,,,,,,,,,,,,,,,,,
2011,동작구,401408,197672,203736,324,57,32,235,-,,,,,,,,,,,,,,,,,,,,,,,,,,,,,,,,,,,,16352467,4567523,27.93,,,,,,,,,,,,,,,,,,,,,,,,,,,,,
2011,관악구,526397,267145,259252,550,138,347,65,-,,,,,,,,,,,,,,,,,,,,,,,,,,,,,,,,,,,,29568185,10973593,37.11,,,,,,,,,,,,,,,,,,,,,,,,,,,,,
2011,서초구,433564,209902,223662,167,47,18,102,-,,,,,,,,,,,,,,,,,,,,,,,,,,,,,,,,,,,,47003527,15822490,33.66,,,,,,,,,,,,,,,,,,,,,,,,,,,,,
2011,강남구,565710,271991,293719,222,52,33,137,-,,,,,,,,,,,,,,,,,,,,,,,,,,,,,,,,,,,,39514032,5671726,14.35,,,,,,,,,,,,,,,,,,,,,,,,,,,,,
2011,송파구,682209,334494,347715,363,82,53,228,-,,,,,,,,,,,,,,,,,,,,,,,,,,,,,,,,,,,,33875723,4717795,13.93,,,,,,,,,,,,,,,,,,,,,,,,,,,,,
2011,강동구,495138,247973,247165,638,222,340,76,-,,,,,,,,,,,,,,,,,,,,,,,,,,,,,,,,,,,,24585041,2815222,11.45,,,,,,,,,,,,,,,,,,,,,,,,,,,,,
2012,합계,10195318,5041336,5153982,7860,1762,2327,3310,461,,,,,,,,,,,,,,,,,,,,,,,,,,,,,,,,,,,,605177231,169125415,27.95,,,,,,,,,,,,,,,,,,,,,,,,,,,,,
2012,종로구,165207,82274,82933,129,17,31,77,4,,,,,,,,,,,,,,,,,,,,,,,,,,,,,,,,,,,,23907125,11643911,48.7,,,,,,,,,,,,,,,,,,,,,,,,,,,,,
2012,중구,133360,67043,66317,97,17,9,71,-,,,,,,,,,,,,,,,,,,,,,,,,,,,,,,,,,,,,9961047,3129780,31.42,,,,,,,,,,,,,,,,,,,,,,,,,,,,,
2012,용산구,243232,118461,124771,461,115,323,12,11,,,,,,,,,,,,,,,,,,,,,,,,,,,,,,,,,,,,21868778,1352723,6.19,,,,,,,,,,,,,,,,,,,,,,,,,,,,,
2012,성동구,299604,149832,149772,206,33,30,127,16,,,,,,,,,,,,,,,,,,,,,,,,,,,,,,,,,,,,16847657,2954998,17.54,,,,,,,,,,,,,,,,,,,,,,,,,,,,,
2012,광진구,371313,183528,187785,307,77,68,138,24,,,,,,,,,,,,,,,,,,,,,,,,,,,,,,,,,,,,17063533,3395585,19.9,,,,,,,,,,,,,,,,,,,,,,,,,,,,,
2012,동대문구,363258,182661,180597,341,56,76,205,4,,,,,,,,,,,,,,,,,,,,,,,,,,,,,,,,,,,,14201937,1238128,8.72,,,,,,,,,,,,,,,,,,,,,,,,,,,,,
2012,중랑구,419295,210043,209252,392,74,72,230,16,,,,,,,,,,,,,,,,,,,,,,,,,,,,,,,,,,,,18496973,5242896,28.34,,,,,,,,,,,,,,,,,,,,,,,,,,,,,
2012,성북구,481857,237474,244383,349,66,49,218,16,,,,,,,,,,,,,,,,,,,,,,,,,,,,,,,,,,,,24571370,8391240,34.15,,,,,,,,,,,,,,,,,,,,,,,,,,,,,
2012,강북구,343157,169866,173291,365,56,69,225,15,,,,,,,,,,,,,,,,,,,,,,,,,,,,,,,,,,,,23596770,14336569,60.76,,,,,,,,,,,,,,,,,,,,,,,,,,,,,
2012,도봉구,362270,179194,183076,258,56,53,148,1,,,,,,,,,,,,,,,,,,,,,,,,,,,,,,,,,,,,20702253,10059131,48.59,,,,,,,,,,,,,,,,,,,,,,,,,,,,,
2012,노원구,597189,292081,305108,265,59,46,153,7,,,,,,,,,,,,,,,,,,,,,,,,,,,,,,,,,,,,35436698,14142418,39.91,,,,,,,,,,,,,,,,,,,,,,,,,,,,,
2012,은평구,501480,246318,255162,406,91,53,262,-,,,,,,,,,,,,,,,,,,,,,,,,,,,,,,,,,,,,29698481,14026096,47.23,,,,,,,,,,,,,,,,,,,,,,,,,,,,,
2012,서대문구,315113,154017,161096,258,47,99,98,14,,,,,,,,,,,,,,,,,,,,,,,,,,,,,,,,,,,,17606580,5506908,31.28,,,,,,,,,,,,,,,,,,,,,,,,,,,,,
2012,마포구,384644,186452,198192,403,103,123,47,130,,,,,,,,,,,,,,,,,,,,,,,,,,,,,,,,,,,,23837765,5214143,21.87,,,,,,,,,,,,,,,,,,,,,,,,,,,,,
2012,양천구,495911,246637,249274,541,175,213,122,31,,,,,,,,,,,,,,,,,,,,,,,,,,,,,,,,,,,,17398383,2906057,16.7,,,,,,,,,,,,,,,,,,,,,,,,,,,,,
2012,강서구,567431,278969,288462,385,74,94,217,-,,,,,,,,,,,,,,,,,,,,,,,,,,,,,,,,,,,,41426804,4004108,9.67,,,,,,,,,,,,,,,,,,,,,,,,,,,,,
2012,구로구,427520,214982,212538,247,48,40,146,13,,,,,,,,,,,,,,,,,,,,,,,,,,,,,,,,,,,,20119409,3186878,15.84,,,,,,,,,,,,,,,,,,,,,,,,,,,,,
2012,금천구,243288,124675,118613,266,40,110,116,-,,,,,,,,,,,,,,,,,,,,,,,,,,,,,,,,,,,,13000821,2189460,16.84,,,,,,,,,,,,,,,,,,,,,,,,,,,,,
2012,영등포구,391408,196765,194643,239,34,55,126,24,,,,,,,,,,,,,,,,,,,,,,,,,,,,,,,,,,,,24552675,2193655,8.93,,,,,,,,,,,,,,,,,,,,,,,,,,,,,
2012,동작구,405491,199454,206037,288,85,89,114,-,,,,,,,,,,,,,,,,,,,,,,,,,,,,,,,,,,,,16352342,4629974,28.31,,,,,,,,,,,,,,,,,,,,,,,,,,,,,
2012,관악구,523029,265281,257748,505,128,282,57,38,,,,,,,,,,,,,,,,,,,,,,,,,,,,,,,,,,,,29569597,10973018,37.11,,,,,,,,,,,,,,,,,,,,,,,,,,,,,
2012,서초구,435044,210440,224604,171,37,31,93,10,,,,,,,,,,,,,,,,,,,,,,,,,,,,,,,,,,,,47001798,15820544,33.66,,,,,,,,,,,,,,,,,,,,,,,,,,,,,
2012,강남구,564197,270970,293227,248,58,56,122,12,,,,,,,,,,,,,,,,,,,,,,,,,,,,,,,,,,,,39497607,5920459,14.99,,,,,,,,,,,,,,,,,,,,,,,,,,,,,
2012,송파구,673115,329747,343368,300,72,67,130,31,,,,,,,,,,,,,,,,,,,,,,,,,,,,,,,,,,,,33875709,4718713,13.93,,,,,,,,,,,,,,,,,,,,,,,,,,,,,
2012,강동구,487905,244172,243733,433,144,189,56,44,,,,,,,,,,,,,,,,,,,,,,,,,,,,,,,,,,,,24585121,2815222,11.45,,,,,,,,,,,,,,,,,,,,,,,,,,,,,
2013,합계,10143645,5007869,5135776,7803,2007,1660,3690,446,,,,,,,,,,,,,,,,,,,4182351,1510202,810516,780698,822832,200130,44057,9977,2583,805,551,,,,,,,605204155,170080914,28.1,2782,,,,,,,,,,,,,,,,,,,,,,,,,,,,
2013,종로구,160070,79519,80551,141,28,15,58,40,,,,,,,,,,,,,,,,,,,73693,34259,13213,11146,10932,3123,755,197,40,14,14,,,,,,,23907209,11575356,48.42,114,,,,,,,,,,,,,,,,,,,,,,,,,,,,
2013,중구,130465,65371,65094,149,31,9,77,32,,,,,,,,,,,,,,,,,,,60600,27959,11709,9385,8515,2287,548,137,33,10,17,,,,,,,9960056,3128136,31.41,68,,,,,,,,,,,,,,,,,,,,,,,,,,,,
2013,용산구,239740,116491,123249,427,142,242,43,-,,,,,,,,,,,,,,,,,,,109361,48569,21093,17772,16371,4208,984,244,82,20,18,,,,,,,21868765,1795960,8.21,101,,,,,,,,,,,,,,,,,,,,,,,,,,,,
2013,성동구,299337,149304,150033,196,39,27,125,5,,,,,,,,,,,,,,,,,,,126447,47609,25016,23452,22951,5613,1370,316,87,27,6,,,,,,,16853805,3061710,18.17,80,,,,,,,,,,,,,,,,,,,,,,,,,,,,
2013,광진구,368927,181864,187063,274,93,37,140,4,,,,,,,,,,,,,,,,,,,159173,63947,29791,27517,29302,6697,1465,321,98,22,13,,,,,,,17062332,3395585,19.9,55,,,,,,,,,,,,,,,,,,,,,,,,,,,,
2013,동대문구,364273,182987,181286,327,72,38,131,86,,,,,,,,,,,,,,,,,,,159256,65746,30360,27139,26733,6963,1771,394,111,24,15,,,,,,,14210791,1234480,8.69,102,,,,,,,,,,,,,,,,,,,,,,,,,,,,
2013,중랑구,416798,208641,208157,327,74,46,178,29,,,,,,,,,,,,,,,,,,,174938,64099,35544,33038,32022,8040,1696,368,83,35,13,,,,,,,18497206,5230686,28.28,103,,,,,,,,,,,,,,,,,,,,,,,,,,,,
2013,성북구,476589,234573,242016,356,70,39,241,6,,,,,,,,,,,,,,,,,,,196693,71297,38149,37123,37755,9416,2252,519,117,33,32,,,,,,,24578177,8391240,34.14,130,,,,,,,,,,,,,,,,,,,,,,,,,,,,
2013,강북구,338707,167342,171365,400,77,40,250,33,,,,,,,,,,,,,,,,,,,141246,49819,30550,27411,24985,6528,1428,376,97,35,17,,,,,,,23597084,14336569,60.76,83,,,,,,,,,,,,,,,,,,,,,,,,,,,,
2013,도봉구,358582,177153,181429,272,73,28,169,2,,,,,,,,,,,,,,,,,,,137714,39580,28352,29518,30617,7396,1727,389,97,25,13,,,,,,,20702811,10059219,48.59,75,,,,,,,,,,,,,,,,,,,,,,,,,,,,
2013,노원구,590479,288435,302044,305,61,34,204,6,,,,,,,,,,,,,,,,,,,222132,60870,44202,46844,54923,12318,2283,509,129,32,22,,,,,,,35435822,14163445,39.97,178,,,,,,,,,,,,,,,,,,,,,,,,,,,,
2013,은평구,503660,246858,256802,438,111,41,280,6,,,,,,,,,,,,,,,,,,,202487,67044,42388,40182,39495,10265,2418,507,114,35,39,,,,,,,29702018,14031235,47.24,140,,,,,,,,,,,,,,,,,,,,,,,,,,,,
2013,서대문구,314110,153315,160795,300,64,39,100,97,,,,,,,,,,,,,,,,,,,135272,53553,26679,23812,23499,5868,1433,310,78,22,18,,,,,,,17607427,5136224,29.17,120,,,,,,,,,,,,,,,,,,,,,,,,,,,,
2013,마포구,381856,184774,197082,364,112,141,52,59,,,,,,,,,,,,,,,,,,,166780,67846,33039,28475,28278,7031,1586,369,91,38,27,,,,,,,23837680,4808774,20.17,148,,,,,,,,,,,,,,,,,,,,,,,,,,,,
2013,양천구,492528,244742,247786,460,169,122,166,3,,,,,,,,,,,,,,,,,,,180443,48050,32644,37716,48066,11100,2206,458,143,36,24,,,,,,,17403553,2906057,16.7,119,,,,,,,,,,,,,,,,,,,,,,,,,,,,
2013,강서구,569070,279207,289863,371,94,47,228,2,,,,,,,,,,,,,,,,,,,226607,72502,46384,46021,47144,11456,2383,526,120,43,28,,,,,,,41427231,4323955,10.44,163,,,,,,,,,,,,,,,,,,,,,,,,,,,,
2013,구로구,424964,213251,211713,294,49,40,190,15,,,,,,,,,,,,,,,,,,,171419,57763,34550,33320,34573,8609,1987,453,103,38,23,,,,,,,20118739,3189424,15.85,96,,,,,,,,,,,,,,,,,,,,,,,,,,,,
2013,금천구,241020,123462,117558,279,68,68,143,-,,,,,,,,,,,,,,,,,,,104179,41617,20167,18306,18230,4507,1039,235,46,17,15,,,,,,,13016508,2189460,16.82,51,,,,,,,,,,,,,,,,,,,,,,,,,,,,
2013,영등포구,386471,193880,192591,214,43,37,134,-,,,,,,,,,,,,,,,,,,,167761,68081,31898,29033,29591,6988,1639,383,96,32,20,,,,,,,24528725,3089653,12.6,123,,,,,,,,,,,,,,,,,,,,,,,,,,,,
2013,동작구,410815,202144,208671,306,94,71,141,-,,,,,,,,,,,,,,,,,,,172700,64316,34603,31494,32007,7904,1798,414,108,32,24,,,,,,,16353871,4630492,28.31,80,,,,,,,,,,,,,,,,,,,,,,,,,,,,
2013,관악구,518028,262248,255780,528,141,339,48,-,,,,,,,,,,,,,,,,,,,248006,120524,45306,36697,34308,8601,1908,486,106,43,27,,,,,,,29569671,10975519,37.12,110,,,,,,,,,,,,,,,,,,,,,,,,,,,,
2013,서초구,441763,213285,228478,208,62,29,113,4,,,,,,,,,,,,,,,,,,,170594,53595,31219,33790,39712,9477,2031,531,162,51,26,,,,,,,47001798,15820544,33.66,131,,,,,,,,,,,,,,,,,,,,,,,,,,,,
2013,강남구,563599,270601,292998,197,65,29,102,1,,,,,,,,,,,,,,,,,,,230645,84800,41272,41374,48859,11202,2337,542,153,63,43,,,,,,,39500873,6207128,15.71,137,,,,,,,,,,,,,,,,,,,,,,,,,,,,
2013,송파구,668415,326919,341496,336,84,44,197,11,,,,,,,,,,,,,,,,,,,257441,79180,47191,52065,61307,14131,2776,569,148,45,29,,,,,,,33874808,4263955,12.59,144,,,,,,,,,,,,,,,,,,,,,,,,,,,,
2013,강동구,483379,241503,241876,334,91,58,180,5,,,,,,,,,,,,,,,,,,,186764,57577,35197,38068,42657,10402,2237,424,141,33,28,,,,,,,24587197,3003307,12.21,130,,,,,,,,,,,,,,,,,,,,,,,,,,,,
2014,합계,10103233,4979768,5123465,6644,2144,1703,2797,-,19.4,80.6,34.6,18.9,39.4,1.8,3.5,7.2,0.1,,,,,,,,,,4194176,1526038,825915,783470,806997,194491,42975,10198,2656,846,590,,,,,,,605209947,167646904,27.7,2811,,,,,,,,,,,,,,,,,,,,,,,,,,,,
2014,종로구,156993,77621,79372,150,40,28,82,-,22.2,77.8,11.5,34.5,54.9,0.9,4.4,13.3,-,,,,,,,,,,73101,34445,13223,10992,10472,2980,732,181,46,21,9,,,,,,,23912969,11575356,48.41,114,,,,,,,,,,,,,,,,,,,,,,,,,,,,
2014,중구,128065,64033,64032,106,27,21,58,-,13.6,86.4,30.6,16.1,43.5,8.1,3.2,-,-,,,,,,,,,,59960,27943,11665,9211,8244,2180,522,137,35,5,18,,,,,,,9960182,3134003,31.47,71,,,,,,,,,,,,,,,,,,,,,,,,,,,,
2014,용산구,235951,114578,121373,330,141,156,33,-,19.3,80.7,8.3,32.5,50,-,0.8,15,-,,,,,,,,,,108429,48619,21132,17520,15718,4105,964,245,78,21,27,,,,,,,21868789,1795960,8.21,101,,,,,,,,,,,,,,,,,,,,,,,,,,,,
2014,성동구,296086,147363,148723,168,46,33,89,-,22.9,77.1,33.5,16.1,46,3.7,3.1,3.7,0.6,,,,,,,,,,125814,47627,25233,23382,22458,5351,1304,335,87,23,14,,,,,,,16856991,3061710,18.16,81,,,,,,,,,,,,,,,,,,,,,,,,,,,,
2014,광진구,363354,178738,184616,227,87,49,91,-,10.6,89.4,24.7,35.3,38.8,1.2,1.2,-,-,,,,,,,,,,158524,64665,30005,27457,28160,6365,1432,325,83,17,15,,,,,,,17062632,3396156,19.9,56,,,,,,,,,,,,,,,,,,,,,,,,,,,,
2014,동대문구,363687,182510,181177,287,77,58,152,-,19,81,26.2,13.4,58.4,-,3.4,2.7,-,,,,,,,,,,159880,66419,30768,27225,26365,6844,1678,426,103,37,15,,,,,,,14210892,1279518,9,99,,,,,,,,,,,,,,,,,,,,,,,,,,,,
2014,중랑구,418836,209323,209513,366,115,61,190,-,21.3,78.7,23.1,20.3,50.5,1.1,1.6,7.7,-,,,,,,,,,,176714,64831,36694,33496,31568,7928,1689,379,88,25,16,,,,,,,18495635,5231744,28.29,103,,,,,,,,,,,,,,,,,,,,,,,,,,,,
2014,성북구,466706,229205,237501,293,79,59,155,-,19.8,80.2,19.7,23.1,43.4,2.3,4.6,13.9,-,,,,,,,,,,193359,70169,38193,36511,36542,9104,2105,546,124,27,38,,,,,,,24577482,8391240,34.14,130,,,,,,,,,,,,,,,,,,,,,,,,,,,,
2014,강북구,335025,165223,169802,307,93,53,161,-,18.8,81.3,87.9,9.2,7.1,-,0.7,1.4,-,,,,,,,,,,141246,50620,31131,27147,24220,6192,1420,366,99,35,16,,,,,,,23596887,14337627,60.76,83,,,,,,,,,,,,,,,,,,,,,,,,,,,,
2014,도봉구,353709,174554,179155,273,96,43,134,-,17.7,82.3,19.4,14.2,51.5,6,4.5,5.2,-,,,,,,,,,,136977,39638,29043,29330,29680,7214,1556,382,98,24,12,,,,,,,20701031,10069616,48.64,80,,,,,,,,,,,,,,,,,,,,,,,,,,,,
2014,노원구,582552,284225,298327,209,48,45,116,-,14.6,85.4,21.6,21.6,48.2,0.7,2.2,12.2,-,,,,,,,,,,221107,61450,44864,46835,53385,11640,2247,487,142,39,18,,,,,,,35435913,14163034,39.97,178,,,,,,,,,,,,,,,,,,,,,,,,,,,,
2014,은평구,498644,243977,254667,400,123,56,221,-,17,83,7.8,17.6,49,-,3.3,25.5,0.7,,,,,,,,,,202187,67962,42731,39969,38577,9927,2304,520,124,38,35,,,,,,,29702485,14024309,47.22,137,,,,,,,,,,,,,,,,,,,,,,,,,,,,
2014,서대문구,310376,151338,159038,237,69,41,127,-,21.4,78.6,35,17.2,42.7,2.5,0.6,8.3,-,,,,,,,,,,134780,53917,26944,23595,22857,5670,1363,300,89,23,22,,,,,,,17605857,5136224,29.17,120,,,,,,,,,,,,,,,,,,,,,,,,,,,,
2014,마포구,385439,186177,199262,347,141,149,57,-,25.2,74.8,31,14.8,45.3,2,4.4,9.4,-,,,,,,,,,,169492,69385,33888,29077,28225,6826,1544,380,109,29,29,,,,,,,23835775,4404111,18.48,152,,,,,,,,,,,,,,,,,,,,,,,,,,,,
2014,양천구,486221,241020,245201,386,136,160,90,-,11.7,88.3,37.8,23.5,24.5,-,15.3,3.1,-,,,,,,,,,,179069,47685,33256,38024,46501,10777,2143,487,131,41,24,,,,,,,17403680,2906057,16.7,119,,,,,,,,,,,,,,,,,,,,,,,,,,,,
2014,강서구,585160,286644,298516,321,98,61,162,-,10.8,89.2,29.8,26,37.5,4.8,4.8,2.9,-,,,,,,,,,,234378,75256,49013,47595,47984,11405,2362,537,137,56,33,,,,,,,41427355,4341328,10.48,167,,,,,,,,,,,,,,,,,,,,,,,,,,,,
2014,구로구,425831,213213,212618,225,50,46,129,-,19.4,80.6,16.4,28.3,49.7,1.3,4.4,5,-,,,,,,,,,,172594,58430,35323,33576,34077,8610,1944,460,121,28,25,,,,,,,20118904,3156155,15.69,90,,,,,,,,,,,,,,,,,,,,,,,,,,,,
2014,금천구,238463,121878,116585,169,44,28,97,-,13.6,86.4,9.2,21.8,56.3,5.7,5.7,5.7,-,,,,,,,,,,103940,41836,20677,18161,17531,4390,1013,239,54,22,17,,,,,,,13019921,2189461,16.82,51,,,,,,,,,,,,,,,,,,,,,,,,,,,,
2014,영등포구,382352,191464,190888,157,39,28,90,-,20,80,7.5,12.5,58.1,1.3,3.8,19.4,-,,,,,,,,,,168100,69450,32375,28963,28580,6649,1560,378,82,34,29,,,,,,,24529480,3063563,12.49,120,,,,,,,,,,,,,,,,,,,,,,,,,,,,
2014,동작구,407470,200328,207142,314,126,78,110,-,23.6,76.4,15.7,22.8,52.3,1,5.6,8.1,-,,,,,,,,,,172389,64814,34690,31510,31446,7649,1697,401,121,38,23,,,,,,,16353888,4594775,28.1,82,,,,,,,,,,,,,,,,,,,,,,,,,,,,
2014,관악구,513186,259631,253555,476,161,299,16,-,11.5,88.5,41.2,21.9,32.5,1.8,3.5,1.8,-,,,,,,,,,,248180,121776,46132,36316,33236,8191,1871,482,105,46,25,,,,,,,29567356,10975919,37.12,111,,,,,,,,,,,,,,,,,,,,,,,,,,,,
2014,서초구,449678,216740,232938,143,48,18,77,-,35,65,28.6,21.3,39.7,2.8,3.5,8.4,-,,,,,,,,,,173469,53965,32319,34658,39970,9558,2163,585,152,64,35,,,,,,,47001856,15874534,33.77,148,,,,,,,,,,,,,,,,,,,,,,,,,,,,
2014,강남구,578114,277267,300847,173,60,35,78,-,27.4,72.6,94.9,10.1,3.5,0.4,1.6,0.4,-,,,,,,,,,,237375,87790,42690,42627,49585,11361,2448,593,172,70,39,,,,,,,39501151,6207208,15.71,138,,,,,,,,,,,,,,,,,,,,,,,,,,,,
2014,송파구,664738,324902,339836,271,90,44,137,-,20.1,79.9,21.9,23.4,44.8,3.5,6.5,4.5,-,,,,,,,,,,257207,79365,48046,52291,60161,13728,2781,601,162,40,32,,,,,,,33876130,4254430,12.56,144,,,,,,,,,,,,,,,,,,,,,,,,,,,,
2014,강동구,476597,237816,238781,309,110,54,145,-,28.2,71.8,98.8,3.3,0.4,-,0.4,-,-,,,,,,,,,,185905,57981,35880,38002,41455,9847,2133,426,114,43,24,,,,,,,24586706,3412868,13.88,135,,,,,,,,,,,,,,,,,,,,,,,,,,,,
2015,합계,10022181,4930943,5091238,6060,2193,1453,2358,56,19.4,80.6,25.3,19.1,45.7,1.6,3.9,7.5,-,3784490,1115744,930467,817440,701945,169436,38547,10911,2.5,4189948,1539462,836335,781663,785821,189641,42450,10227,2834,905,610,"2,793,244",355039,1636896,117235,654372,29702,605250742,167938877,27.75,2827,1115744,521776,237913,17387,161031,44470,133167,544059,571685,268511,253265,95388,142525,7277,10110,73732,87299,25270,19200,73881,59286,13721,258478,263207,176888,155069,118624,129757
2015,종로구,154986,76548,78438,159,54,15,89,1,…,…,…,…,…,…,…,…,…,61580,22776,15314,11272,8840,2535,628,215,2.3,72645,34532,13206,10874,10196,2860,690,193,50,31,13,"43,550",13103,12552,5395,11664,836,23912895,11575356,48.41,114,22776,11170,2876,812,3212,1010,3696,11608,11168,5796,5374,1355,1521,295,517,1402,1810,555,455,2205,1491,396,6089,4493,3358,3159,2406,2875
2015,중구,125733,62687,63046,82,19,18,45,-,…,…,…,…,…,…,…,…,…,51205,19161,13157,9392,6987,1879,483,146,2.2,59321,27815,11754,9077,7876,2094,514,128,38,9,16,"37,478",6436,22186,1975,6148,733,9960549,3132474,31.45,70,19161,6902,5467,300,1906,778,3808,9934,9227,3535,3367,2472,2995,140,160,959,947,453,325,2375,1433,282,3924,3877,3281,3033,2207,2557
2015,용산구,233342,113177,120165,287,145,119,23,25,…,…,…,…,…,…,…,…,…,90313,31025,23776,17826,13222,3436,788,240,2.3,107512,48316,21144,17344,15320,4028,974,245,96,23,22,"70,723",15503,35343,4029,15206,642,21866635,1796915,8.22,101,31025,16323,6005,673,4255,614,3155,14556,16469,7831,8492,2414,3591,265,408,1908,2347,284,330,1854,1301,212,6054,7547,5586,4349,3174,4103
2015,성동구,297003,147570,149433,158,43,28,86,1,…,…,…,…,…,…,…,…,…,114719,35259,28415,24622,20125,4748,1220,330,2.4,126714,48089,25617,23768,22267,5229,1278,332,93,28,13,"82,331",11250,59331,2076,8610,1064,16860497,3067331,18.19,81,35259,18064,9168,234,2387,1616,3790,18401,16858,10188,7876,3757,5411,91,143,1180,1207,914,702,2271,1519,634,8651,7617,5845,5024,3459,4029
2015,광진구,360369,176884,183485,240,104,47,83,6,…,…,…,…,…,…,…,…,…,147718,54210,33112,28603,24511,5595,1284,403,2.3,158353,65138,30414,27375,27389,6173,1400,328,91,26,19,"79,393",17034,29880,4434,26561,1484,17063352,3396156,19.9,56,54210,35001,3203,551,7073,2944,5438,27186,27024,17687,17314,1367,1836,192,359,3229,3844,1697,1247,3014,2424,787,16386,13979,7963,6717,4301,4077
2015,동대문구,360153,180485,179668,249,83,53,109,4,…,…,…,…,…,…,…,…,…,146677,52884,34156,28136,23382,6029,1615,475,2.3,159941,67641,30892,26922,25541,6667,1716,407,105,37,13,"98,203",20799,59534,3740,12529,1601,14213441,1281104,9.01,99,52884,29835,8785,566,4188,2514,6996,27587,25297,15949,13886,3713,5072,261,305,2104,2084,1437,1077,4123,2873,1572,17305,9506,6625,6538,5329,6009
2015,중랑구,413909,206505,207404,290,116,39,131,4,…,…,…,…,…,…,…,…,…,157537,45138,40248,34528,28363,7145,1680,435,2.5,176390,65501,37303,33352,30540,7573,1639,348,94,26,14,"99,265",21155,50078,4943,21543,1546,18495844,5232965,28.29,104,45138,29063,6587,827,4529,1642,2490,23317,21821,15527,13536,2628,3959,383,444,2165,2364,1040,602,1574,916,270,5980,8782,8553,9245,6309,5999
2015,성북구,459275,224980,234295,280,84,43,150,3,…,…,…,…,…,…,…,…,…,174257,52005,41763,37428,32357,8118,2009,577,2.5,190973,69679,38118,35907,35512,8907,2087,554,134,36,39,"128,046",27180,69725,6518,23097,1526,24578675,8393029,34.15,130,52005,29345,9614,1229,6182,2543,3092,24024,27981,14143,15202,3809,5805,564,665,2735,3447,1261,1282,1512,1580,1250,16584,9084,6924,6370,5188,6605
2015,강북구,330873,162967,167906,307,97,56,151,3,…,…,…,…,…,…,…,…,…,125666,35787,33501,27585,21533,5501,1332,427,2.5,141088,51428,31552,26956,23362,5938,1365,337,94,35,21,"91,806",19393,32651,4854,33820,1088,23597000,14337627,60.76,83,35787,19349,5343,749,7046,852,2448,16600,19187,9380,9969,2002,3341,295,454,3046,4000,467,385,1410,1038,226,4610,6299,6082,6710,5632,6228
2015,도봉구,351242,173029,178213,238,78,36,121,3,…,…,…,…,…,…,…,…,…,124981,27348,33003,30482,26199,6138,1401,410,2.7,136903,39677,29971,29344,28880,6915,1584,385,109,25,13,"102,443",9404,64082,4242,24014,701,20710249,10069616,48.62,80,27348,11756,8498,558,4482,511,1543,12315,15033,5840,5916,3052,5446,232,326,2072,2410,273,238,846,697,249,3397,4297,4856,5122,4149,5278
2015,노원구,574583,279987,294596,243,72,47,121,3,…,…,…,…,…,…,…,…,…,204836,46129,49939,49483,46752,10096,1950,487,2.7,219768,61943,45333,46466,51890,11267,2189,474,147,34,25,"186,626",8143,160725,3536,13471,751,35435922,14163034,39.97,178,46129,11384,26805,492,3645,1152,2651,20078,26051,6141,5243,9449,17356,218,274,1833,1812,716,436,1721,930,1147,8530,6814,6768,7180,6844,8846
2015,은평구,497920,242975,254945,348,96,69,181,2,…,…,…,…,…,…,…,…,…,179752,43936,48337,41330,34509,8975,2087,578,2.6,203410,68901,43806,40234,37780,9705,2249,526,144,37,28,"140,330",18582,50419,6886,63059,1384,29703817,13999621,47.13,136,43936,18030,6442,881,12885,1205,4493,20042,23894,8461,9569,2609,3833,334,547,5665,7220,672,533,2301,2192,287,6227,9625,7679,7295,6046,6777
2015,서대문구,312141,152008,160133,213,77,34,102,-,…,…,…,…,…,…,…,…,…,121034,40160,29851,24236,20088,5073,1242,384,2.4,135770,54191,27464,23950,22731,5612,1367,337,81,20,17,"92,885",15568,45340,5762,25250,965,17606763,5136120,29.17,120,40160,20573,6991,1004,6563,1524,3505,18156,22004,9632,10941,2745,4246,414,590,2910,3653,794,730,1661,1844,873,13329,7683,5084,4445,3738,5008
2015,마포구,387643,186495,201148,268,130,94,34,10,…,…,…,…,…,…,…,…,…,154981,52437,38851,30747,25100,6117,1357,372,2.4,171480,70534,34732,29555,27885,6751,1481,366,108,38,30,"116,135",14302,63071,3683,33508,1571,23844308,4505526,18.9,155,52437,22274,10128,612,10731,1807,6885,23877,28560,10747,11527,4067,6061,246,366,4684,6047,921,886,3212,3673,675,15145,14802,7953,5138,3880,4844
2015,양천구,484532,239995,244537,344,152,107,85,1,…,…,…,…,…,…,…,…,…,163823,32832,38206,41332,39905,9160,1889,499,2.8,179512,48053,34202,38406,45451,10542,2131,511,133,50,33,"134,097",9907,83827,4459,34948,956,17403680,2906057,16.7,119,32832,14061,8257,634,6782,561,2537,15737,17095,7449,6612,3216,5041,264,370,3111,3671,305,256,1392,1145,225,4012,6660,6071,5989,4792,5083
2015,강서구,589074,287947,301127,285,99,51,130,5,…,…,…,…,…,…,…,…,…,217636,56990,55553,50022,42244,10129,2117,581,2.5,238952,78733,50528,48278,47079,11241,2321,548,140,53,31,"179,045",11671,107304,5306,53569,1195,41437725,4329121,10.45,167,56990,16795,18507,764,10144,1074,9706,26767,30223,8681,8114,7685,10822,310,454,4768,5376,633,441,4690,5016,361,10028,14325,9346,8828,6994,7108
2015,구로구,422092,210440,211652,193,35,39,116,3,…,…,…,…,…,…,…,…,…,156528,40988,39731,35289,30641,7547,1840,492,2.6,172321,58833,35925,33513,33142,8348,1938,437,126,38,21,"118,047",12469,74594,7362,22783,839,20118760,3156367,15.69,90,40988,15739,9137,1046,4122,923,10021,21088,19900,8542,7197,4014,5123,443,603,1996,2126,567,356,5526,4495,248,7396,10105,7201,6281,4843,4914
2015,금천구,236284,120604,115680,139,44,27,67,1,…,…,…,…,…,…,…,…,…,93443,31219,22485,19099,15649,3816,904,271,2.4,103847,42169,21039,18085,17007,4210,991,232,67,31,16,"57,096",9776,27342,3937,15549,492,13019732,2221074,17.06,58,31219,16334,4334,593,2898,755,6305,17699,13520,9254,7080,2041,2293,259,334,1440,1458,516,239,4189,2116,122,5226,6789,5696,5913,3819,3654
2015,영등포구,378504,189394,189110,159,45,34,78,2,…,…,…,…,…,…,…,…,…,147745,48433,36647,30391,24698,5811,1369,396,2.4,167863,70173,32581,28987,27586,6526,1465,401,78,38,28,"96,195",17306,65088,1562,11112,1127,24529570,3065673,12.5,122,48433,21468,10358,322,3363,1316,11606,24963,23470,11316,10152,4494,5864,151,171,1747,1616,762,554,6493,5113,233,10371,12183,7935,7119,5154,5438
2015,동작구,400641,196463,204178,258,138,40,80,3,…,…,…,…,…,…,…,…,…,161000,53954,38290,32701,27457,6660,1525,413,2.4,170495,64763,34431,31153,30452,7436,1681,403,113,42,21,"109,362",17113,56969,5475,28726,1079,16353893,4594775,28.1,82,53954,30137,8258,785,7155,2106,5513,27184,26770,15640,14497,3330,4928,355,430,3304,3851,1151,955,3404,2109,938,17695,14143,6626,5195,4333,5024
2015,관악구,509663,257491,252172,519,203,297,19,-,…,…,…,…,…,…,…,…,…,228636,100302,51894,37713,29232,7290,1709,496,2.1,249191,124162,46358,36029,32167,7981,1837,462,118,43,34,"121,277",23159,53262,6489,36436,1931,29569357,10975919,37.12,111,100302,58278,10387,1011,9284,8990,12352,54471,45831,33007,25271,4478,5909,470,541,4594,4690,5430,3560,6492,5860,1094,35748,28288,12876,9198,6610,6488
2015,서초구,446764,214737,232027,129,46,33,50,-,…,…,…,…,…,…,…,…,…,154031,37496,37093,35934,32829,8255,1828,596,2.6,173007,54370,32421,34497,39070,9552,2254,594,159,55,35,"125,403",6773,90084,5722,21474,1350,47001849,15874468,33.77,147,37496,13579,10955,693,6253,1772,4244,17019,20477,6280,7299,4335,6620,291,402,2821,3432,916,856,2376,1868,535,7957,11045,6819,4490,3321,3329
2015,강남구,576495,276425,300070,157,54,28,74,1,…,…,…,…,…,…,…,…,…,211357,61897,51614,45477,40514,9322,1974,559,2.5,237373,88365,42696,42787,48805,11317,2489,609,183,77,45,"176,654",7437,133127,6106,28122,1862,39500681,6421972,16.26,154,61897,19639,21786,1086,9731,2276,7379,26483,35414,8674,10965,8586,13200,410,676,3936,5795,1128,1148,3749,3630,535,12997,21044,10656,6536,5013,5116
2015,송파구,660302,322441,337861,237,84,45,106,2,…,…,…,…,…,…,…,…,…,230941,53481,55654,55334,51635,11717,2449,671,2.7,256611,79291,49143,52262,58868,13370,2759,639,208,34,37,"187,030",10231,111685,5040,58287,1787,33876207,4253899,12.56,147,53481,17269,11467,626,16622,2209,5288,25147,28334,8687,8582,4317,7150,257,369,7580,9042,1264,945,3042,2246,357,9126,15313,9704,7797,5701,5483
2015,강동구,458658,228709,229949,278,95,54,127,2,…,…,…,…,…,…,…,…,…,164094,39897,39877,38478,35173,8344,1867,458,2.6,180508,57165,35705,36542,39025,9399,2051,431,125,39,26,"119,824",11345,78697,3704,24886,1192,24589341,3382681,13.76,122,39897,19408,8555,339,5593,1776,4226,19820,20077,10124,9284,3453,5102,137,202,2543,3050,1114,662,2449,1777,213,5711,8907,7401,7398,5382,4885
2016,합계,9930616,4876789,5053827,5872,2203,1590,2048,31,19,81,35.5,18.7,39.9,1.4,3.8,3.6,-,3784705,1138860,931262,816946,686469,163555,37153,10460,2.5,4189839,1561533,847102,778997,761414,184019,41957,10351,2883,929,654,"2,830,857",345269,1641383,116106,699446,28653,605196264,168203877,27.79,2834,1138860,515463,240673,17518,174169,41637,149400,544607,594253,262455,253008,93565,147108,7190,10328,78343,95826,22718,18919,80336,69064,14937,270603,259479,172739,154561,128533,138008
2016,종로구,152737,75201,77536,165,47,26,92,-,14.6,85.4,34.1,10.8,56,1.1,1.4,0.7,-,60786,22835,14974,11060,8712,2397,618,190,2.3,72118,34698,13049,10736,9877,2779,701,194,47,23,14,"43,554",12991,12462,5410,11872,819,23912883,11567389,48.37,108,22835,11376,2588,877,3326,803,3865,11185,11650,5590,5786,1137,1451,322,555,1424,1902,403,400,2309,1556,526,6520,4209,3130,3081,2451,2918
2016,중구,125249,62204,63045,85,27,21,37,-,23.9,76.1,43.2,16.7,32.9,2.6,1.9,4.4,-,51503,19671,13086,9453,6844,1836,480,133,2.2,59651,28368,11780,9138,7615,2039,508,137,40,12,14,"38,311",6364,22923,1955,6333,736,9960930,3131968,31.44,70,19671,7441,5486,309,2052,745,3638,9730,9941,3722,3719,2357,3129,150,159,986,1066,406,339,2109,1529,567,4582,3735,3036,2873,2348,2530
2016,용산구,230241,111601,118640,252,138,98,16,1,18.6,81.4,38.5,15.2,36.2,2.8,7.1,3.9,-,90164,31641,23505,17580,13121,3327,780,210,2.3,106607,48131,21228,17086,14876,3938,963,253,84,25,23,"70,868",15302,35310,3974,15653,629,21866544,1794117,8.2,101,31641,16604,5637,684,4690,569,3457,14511,17130,7752,8852,2107,3530,281,403,2045,2645,269,300,2057,1400,250,6699,7507,5375,4192,3422,4196
2016,성동구,299259,148326,150933,161,67,29,65,-,16.8,83.2,38.1,17.1,34.1,1.5,2.5,9.1,-,116401,37074,28668,24655,19874,4636,1164,330,2.4,128727,49318,26476,24086,21959,5161,1241,356,85,29,16,"80,977",11155,57548,2063,9172,1039,16860100,3094975,18.36,82,37074,19203,9332,257,2776,1509,3997,19129,17945,10782,8421,3699,5633,105,152,1413,1363,831,678,2299,1698,878,9982,7625,5657,5109,3697,4126
2016,광진구,357215,174797,182418,199,84,49,65,1,12.5,87.5,34.1,25.9,36.4,-,3.8,1.6,-,146196,53169,33221,28757,24040,5430,1202,377,2.3,158390,65896,30862,27358,26438,5975,1364,350,99,23,25,"82,691",16566,30401,4293,30003,1428,17063230,3359232,19.69,55,53169,33922,3461,515,8214,2257,4800,25927,27242,16880,17042,1385,2076,186,329,3779,4435,1189,1068,2508,2292,805,16065,13225,7583,6570,4529,4392
2016,동대문구,355069,177640,177429,266,75,57,132,2,15.8,84.2,48.8,24.4,24.2,0.8,1.8,2.4,-,145179,52650,34094,27768,22627,6011,1584,445,2.3,159426,68367,31203,26741,24467,6463,1652,378,97,38,20,"96,464",20325,57350,3411,13770,1608,14215197,1277249,8.99,97,52650,29177,9051,599,4322,2448,7053,27103,25547,15541,13636,3783,5268,282,317,2164,2158,1347,1101,3986,3067,1779,17169,9031,6302,6445,5631,6293
2016,중랑구,411005,204900,206105,310,106,78,124,2,20,80,34.3,14.5,46.1,2,1.4,4.9,-,157571,45717,40865,34515,27503,6971,1569,431,2.5,177400,67162,38045,33340,29549,7269,1556,343,101,22,13,"102,387",20430,50343,4850,25272,1492,18495756,5211857,28.18,104,45717,28600,6891,760,5271,1313,2882,23176,22541,15278,13322,2640,4251,330,430,2535,2736,717,596,1676,1206,232,5880,8705,8127,9414,6900,6459
2016,성북구,450355,219951,230404,277,95,57,124,1,17.6,82.4,28.8,14.4,51.7,3.7,2.8,3.1,-,174370,54117,41498,36906,31578,7791,1915,565,2.5,188304,69093,38167,35422,34229,8556,2075,552,127,46,37,"128,502",25928,69981,6376,24748,1469,24578665,8393029,34.15,130,54117,29496,9688,1111,6614,2783,4425,24615,29502,13940,15556,3687,6001,468,643,2910,3704,1417,1366,2193,2232,1680,18264,8673,6686,6269,5597,6948
2016,강북구,327195,160861,166334,280,91,62,127,-,21.8,78.2,33.5,13.4,48.1,0.3,0.5,5,-,125580,36668,33636,27243,20969,5386,1294,384,2.4,141229,52653,31855,26664,22483,5763,1332,325,89,42,23,"93,623",18870,32652,4915,36136,1050,23596920,14337627,60.76,83,36668,19573,5453,824,7588,818,2412,16871,19797,9518,10055,1964,3489,319,505,3254,4334,441,377,1375,1037,199,4933,6150,5893,6759,6119,6615
2016,도봉구,348220,171238,176982,212,71,59,80,2,20,80,39.7,19,34,1.1,1.9,5.9,-,125384,28296,33279,30449,25702,5900,1375,383,2.6,136898,40157,30753,29216,27931,6744,1537,395,114,35,16,"104,170",9237,64269,4354,25607,703,20667909,10083758,48.79,79,28296,11819,8625,618,4838,523,1873,12607,15689,5938,5881,2956,5669,268,350,2092,2746,289,234,1064,809,245,3129,4259,4774,5334,4715,5840
2016,노원구,567581,276333,291248,251,101,60,88,2,19.6,80.4,25.3,23,43.5,-,6,6.8,-,204606,47641,50338,49255,45404,9675,1867,426,2.6,219736,63642,46108,46104,50175,10902,2152,456,134,38,25,"189,013",7990,162895,3541,13887,700,35437921,14168875,39.98,181,47641,11681,28519,547,3879,891,2124,20427,27214,6227,5454,10157,18362,261,286,1930,1949,534,357,1318,806,1246,9121,6468,6663,7215,7435,9493
2016,은평구,491476,239183,252293,308,99,53,152,4,21.7,78.3,42.4,11.5,43.4,0.3,3.1,-,-,178775,44440,48170,41213,33726,8626,2032,568,2.6,201891,68747,44203,39913,36523,9534,2208,551,147,34,31,"142,135",17678,50677,6696,65756,1328,29704588,13999621,47.13,136,44440,17709,6507,821,13535,992,4876,19908,24532,8291,9418,2506,4001,313,508,5829,7706,530,462,2439,2437,207,6284,9333,7557,7283,6494,7282
2016,서대문구,314194,152510,161684,198,69,38,91,-,17.4,82.6,34.6,20.4,38.5,0.9,1.5,4.4,-,126581,43298,30769,25336,20559,5042,1224,353,2.4,136766,54371,28028,24193,22750,5581,1380,344,81,17,21,"92,788",14981,44866,5727,26294,920,17608732,5135311,29.16,119,43298,22849,7099,1042,7016,1378,3914,18918,24380,10289,12560,2712,4387,431,611,2994,4022,626,752,1866,2048,980,15490,7726,5084,4595,4132,5291
2016,마포구,379892,182162,197730,240,118,90,20,12,23.2,76.8,52,13.9,33,0.4,1.4,1.9,-,153610,53382,37837,30533,24334,5892,1268,364,2.3,169432,70544,34435,29071,26999,6449,1423,334,103,45,29,"118,456",13685,65418,3604,34232,1517,23843621,4439259,18.62,143,53382,21923,10301,686,10848,1773,7851,24004,29378,10594,11329,3997,6304,292,394,4649,6199,913,860,3559,4292,637,15906,14837,7904,4998,4079,5021
2016,양천구,477739,236290,241449,306,148,78,80,-,10,90,26.2,25.3,22.4,-,4.7,21.4,-,163253,32878,38620,41654,39182,8640,1798,481,2.8,177434,47141,34590,38548,44091,10167,2172,489,158,46,32,"137,651",9547,85474,4531,37225,874,17406820,2909845,16.72,120,32878,13458,8520,638,7218,516,2528,15374,17504,7106,6352,3234,5286,254,384,3182,4036,267,249,1331,1197,166,3786,6322,5887,5945,5281,5491
2016,강서구,595485,290478,305007,288,105,65,117,1,18.2,81.8,26.1,23.1,43.1,2.9,9.3,2.1,-,222652,60988,56504,50606,42042,9837,2085,590,2.5,245045,83462,52108,48885,46360,11092,2336,560,162,48,32,"184,422",11310,109403,5218,57345,1146,41436730,4329121,10.45,167,60988,16627,18848,743,10874,911,12985,28199,32789,8583,8044,7689,11159,286,457,5046,5828,517,394,6078,6907,279,11257,15160,9540,8921,7896,7935
2016,구로구,417551,207667,209884,163,51,37,74,1,16.9,83.1,41.5,16.4,36.6,0.4,4.2,2.9,-,156671,42055,39875,35273,29972,7283,1723,490,2.5,172220,59834,36398,33310,32086,8092,1865,455,120,35,25,"120,431",12311,75180,7471,24639,830,20118709,3157024,15.69,92,42055,14825,9498,1178,4443,884,11227,21128,20927,7919,6906,4004,5494,483,695,2129,2314,515,369,6078,5149,243,7881,9942,7003,6325,5364,5297
2016,금천구,235386,119885,115501,164,45,50,67,2,29.6,70.4,32.1,17,43.2,4.8,4.6,2.4,-,93402,31728,22652,19110,15034,3745,864,269,2.4,104483,42887,21511,18199,16485,4099,980,222,59,25,16,"58,938",9606,27470,3949,17412,501,13019304,2205217,16.94,54,31728,15407,4687,616,3451,830,6737,17721,14007,8644,6763,2204,2483,274,342,1725,1726,551,279,4323,2414,98,5347,6597,5498,5989,4217,3982
2016,영등포구,370613,185200,185413,175,57,44,74,-,17.5,82.5,33.6,23,45.3,0.3,1.8,1.3,-,146904,49453,35972,30397,23867,5544,1306,365,2.4,165729,70252,32240,28582,26402,6243,1442,388,100,50,30,"97,089",16998,65390,1500,12112,1089,24529646,3095107,12.62,128,49453,19443,10048,289,3854,1556,14263,25060,24393,10025,9418,4252,5796,119,170,2012,1842,844,712,7808,6455,223,11063,12581,7634,6908,5390,5654
2016,동작구,400997,196267,204730,277,146,51,80,-,21.1,78.9,24.2,22.7,45.6,0.2,7.5,1.5,-,159770,52954,38396,32979,27152,6401,1483,405,2.4,172506,66694,35226,31402,29704,7141,1706,440,128,43,22,"111,438",16283,58232,5368,30489,1066,16354174,4585613,28.04,83,52954,29858,8673,754,7943,2135,3591,25960,26994,15400,14458,3404,5269,345,409,3617,4326,1084,1051,2110,1481,1140,17329,12643,6688,5275,4612,5267
2016,관악구,506851,256143,250708,550,205,318,27,-,21.1,78.9,30.9,12.1,48.3,-,6.1,4.7,-,230570,103972,51679,37389,28357,6997,1692,484,2.1,251955,128682,46565,35590,30917,7735,1827,459,108,36,36,"123,911",22636,54551,6479,38369,1876,29568727,10975725,37.12,110,103972,56162,11590,988,9908,9323,16001,55799,48173,31545,24617,4993,6597,425,563,4716,5192,5578,3745,8542,7459,1053,38095,28451,12792,9262,7280,7039
2016,서초구,447192,214673,232519,112,42,27,43,1,21.5,78.5,41.3,28.6,27.7,2,1.1,2.2,-,155051,38357,37334,36130,32862,8068,1728,572,2.6,173970,54948,33198,34701,38514,9480,2248,602,180,53,46,"129,491",6696,92424,5686,23389,1296,46982024,15874468,33.79,147,38357,13508,10722,678,6947,1480,5022,16947,21410,6199,7309,3941,6781,256,422,3040,3907,756,724,2755,2267,502,8017,11301,6785,4547,3639,3566
2016,강남구,567115,271604,295511,166,65,47,53,1,20.3,79.7,44,20.7,28.3,1.1,5.7,3,-,208904,61998,50447,45353,39694,8984,1893,535,2.5,234080,87495,42282,42456,47357,10976,2528,669,195,79,43,"176,135",7470,130924,6186,29789,1766,39501308,6598029,16.7,158,61998,19523,19658,1058,10662,2150,8947,26157,35841,8612,10911,7245,12413,391,667,4321,6341,1017,1133,4571,4376,572,12942,20651,10522,6494,5395,5422
2016,송파구,657831,320557,337274,241,76,48,117,1,19.1,80.9,41.8,16.6,37.7,4.1,2.6,1.1,-,230801,54409,56203,55774,50122,11184,2462,647,2.6,258382,81256,50740,52635,57002,12953,2832,669,211,43,41,"191,349",9875,113627,4909,61297,1641,33876548,4424822,13.06,162,54409,16711,11660,584,17335,1780,6339,24833,29576,8402,8309,4301,7359,212,372,7564,9771,952,828,3402,2937,272,9222,15554,9748,7637,6073,5903
2016,강동구,444168,221118,223050,226,75,48,103,-,19.3,80.7,25.2,21.4,49.6,1,3.6,2.1,-,160021,39469,39640,37558,33192,7952,1747,463,2.6,177460,57735,36052,35621,36625,8888,1929,430,114,42,24,"116,063",11035,71613,3640,28645,1130,24589280,3384641,13.76,124,39469,18568,8131,342,6565,1270,4593,19318,20151,9678,8890,3211,4920,137,205,2987,3578,725,545,2580,2013,158,5640,8794,6871,7121,5837,5048
2017,합계,9857426,4830206,5027220,5584,2014,1622,1915,33,19.4,80.6,24.8,24.2,42.6,2,4.1,2.3,-,3813260,1180540,956978,813629,662920,154992,34649,9552,2.4,4220082,1608998,867814,776452,735420,176927,40051,10106,2772,897,645,"2,866,845",331863,1665922,114352,724932,29776,605196566,168374591,27.82,2837,1180540,509816,251819,18007,188113,42126,170659,561524,619016,259723,250093,96864,154955,7276,10731,83691,104422,22905,19221,91065,79594,14190,283019,265742,175037,157452,137437,147663
2017,종로구,154770,75967,78803,161,45,26,89,1,25.1,74.9,26,13.9,42.2,1.2,11.5,5.1,-,62372,23638,15697,11268,8636,2351,601,181,2.2,73594,35539,13600,10925,9844,2717,668,209,58,21,13,"45,787",12920,14507,5451,11978,931,23912883,11569693,48.38,110,23638,11234,2992,887,3279,868,4378,11594,12044,5565,5669,1282,1710,315,572,1407,1872,444,424,2581,1797,507,6619,4348,3241,3200,2622,3101
2017,중구,125709,62253,63456,99,26,25,46,2,18.3,81.7,25.9,18,40.4,1.2,7.1,7.5,-,52208,20164,13623,9498,6696,1660,445,122,2.2,60412,28845,12224,9206,7517,1936,501,120,34,12,17,"39,512",6308,23874,1948,6491,891,9960930,3131968,31.44,70,20164,7181,5673,301,2102,854,4053,9826,10338,3475,3706,2384,3289,142,159,1027,1075,452,402,2346,1707,499,4766,3855,3032,2877,2473,2662
2017,용산구,229161,110878,118283,189,105,63,12,9,25.8,74.2,23.6,22.7,48.4,1.3,3.9,-,-,91102,33076,24058,17316,12585,3154,724,189,2.2,107666,49518,21720,16934,14452,3753,923,234,79,27,26,"71,356",14993,35648,3985,15988,742,21866844,1794141,8.2,102,33076,16830,6117,716,5027,630,3756,15176,17900,7833,8997,2331,3786,295,421,2232,2795,332,298,2153,1603,265,7272,8123,5380,4236,3519,4281
2017,성동구,304808,150368,154440,154,53,34,67,-,20.1,79.9,15.1,26.6,49.5,2.5,5.6,0.7,-,120957,39067,30728,25452,19855,4437,1115,303,2.4,132902,51798,27999,24603,21768,5002,1260,331,93,28,20,"86,650",11044,62985,2055,9470,1096,16860100,3101355,18.39,84,39067,19183,10705,256,3006,1539,4378,19964,19103,10794,8389,4285,6420,96,160,1458,1548,875,664,2456,1922,708,10751,8163,5753,5257,4076,4359
2017,광진구,357703,174414,183289,189,86,38,63,2,20,80,23.8,30.3,33.5,2.2,6.1,4.1,-,147846,54866,34309,28746,23244,5191,1151,339,2.3,160798,68171,31806,27507,25725,5745,1359,340,97,28,20,"84,316",16297,30301,4249,31970,1499,17063230,3359232,19.69,55,54866,34026,3512,566,8835,2364,5563,26630,28236,16999,17027,1415,2097,219,347,3850,4985,1250,1114,2897,2666,802,16615,13397,7750,6681,4980,4641
2017,동대문구,350647,175324,175323,236,83,56,96,1,14.8,85.2,28.5,23,43.1,0.6,3,1.8,-,145294,54030,34391,27589,21820,5617,1458,389,2.3,159938,70090,31663,26511,23485,6127,1546,363,103,32,18,"97,891",19954,58161,3251,14866,1659,14215197,1275574,8.97,96,54030,28911,9638,629,4713,2432,7707,27638,26392,15375,13536,3941,5697,290,339,2396,2317,1322,1110,4314,3393,1696,17762,9127,6393,6462,5936,6654
2017,중랑구,408226,203325,204901,284,96,84,104,-,21.6,78.4,32.6,28.3,34.3,1.1,1.6,2.2,-,159035,47543,42102,34301,26685,6603,1402,399,2.4,179132,69385,39419,33027,28498,6869,1455,352,96,18,13,"103,740",19669,51031,4578,26949,1513,18495756,5206491,28.15,102,47543,29030,7470,773,5812,1403,3055,24000,23543,15574,13456,2850,4620,331,442,2712,3100,769,634,1764,1291,203,6203,8848,8089,9654,7536,7010
2017,성북구,444055,216556,227499,260,93,51,115,1,23.2,76.8,29.2,17.2,47.3,0.7,3.2,2.4,-,172973,54243,41856,36766,30370,7383,1839,516,2.4,187112,69365,38281,35319,33216,8184,1987,557,125,33,45,"130,766",25457,71571,6321,25902,1515,24578665,8338101,33.92,127,54243,28424,10249,1131,6953,2765,4721,24560,29683,13503,14921,3938,6311,484,647,2983,3970,1329,1436,2323,2398,1514,18145,8636,6570,6285,5777,7316
2017,강북구,324479,158918,165561,276,86,77,113,-,17.3,82.7,24,30.2,44.2,0.5,0.6,0.6,-,127281,39082,34386,27070,20164,5059,1202,318,2.4,142533,54745,32534,26345,21711,5526,1262,270,85,30,25,"94,526",18369,33458,4882,36743,1074,23596920,14337627,60.76,83,39082,20371,5954,886,8294,926,2651,17809,21273,9776,10595,2179,3775,336,550,3507,4787,480,446,1531,1120,323,5696,6213,6108,6988,6596,7158
2017,도봉구,344166,168759,175407,213,81,46,86,-,19.1,80.9,22.9,31.5,38.4,2.6,3.3,1.2,-,125974,29469,34622,30336,24408,5554,1222,363,2.6,137378,41294,31810,29112,26717,6470,1449,359,113,37,17,"104,752",9014,64352,4235,26422,729,20667909,10083617,48.79,79,29469,11849,8970,589,5180,556,2325,13093,16376,5907,5942,3068,5902,243,346,2214,2966,302,254,1359,966,221,3278,4325,4811,5512,5152,6170
2017,노원구,554403,269508,284895,237,84,41,110,2,14.3,85.7,24.1,22.7,49.3,0.5,2.7,0.6,-,202955,49265,50990,48297,43178,9065,1759,401,2.6,217619,64810,46592,45562,47593,10354,2075,436,128,40,29,"187,025",7081,161701,3508,14025,710,35437921,14337687,40.46,181,49265,11737,29566,640,4164,863,2295,20740,28525,6127,5610,10388,19178,291,349,1992,2172,500,363,1442,853,1168,9607,6411,6524,7245,8027,10283
2017,은평구,486794,236353,250441,353,89,77,185,2,16.6,83.4,21.7,24.1,46.8,3.7,2.6,1.1,-,179641,46535,49163,41144,32289,8115,1857,538,2.5,202839,70698,45192,39648,35350,9107,2106,538,134,37,29,"143,727",16416,52000,6595,67371,1345,29704588,13997925,47.12,133,46535,17315,6987,851,14439,1023,5920,20727,25808,8130,9185,2703,4284,299,552,6110,8329,551,472,2934,2986,198,6774,9558,7641,7437,7034,7893
2017,서대문구,312800,151144,161656,192,67,39,84,2,20.1,79.9,33.9,25.4,32.5,3.1,4.3,0.9,-,126672,43418,31366,25369,20065,4941,1161,352,2.3,137266,55117,28458,24332,22047,5515,1312,349,86,26,24,"94,398",13939,47445,5630,26418,966,17608732,5136193,29.17,119,43418,21588,7917,1006,7135,1390,4382,18891,24527,9866,11722,2904,5013,383,623,3054,4081,649,741,2035,2347,797,15423,7617,5132,4555,4262,5632
2017,마포구,374915,178939,195976,242,114,103,15,10,23.7,76.3,30,22.7,46.2,-,-,1.2,-,152814,54162,38271,29979,23392,5516,1167,327,2.3,169408,71949,34690,28724,26036,6163,1343,347,90,38,28,"118,355",12607,66349,3464,34356,1579,23843621,4439901,18.62,142,54162,20949,10832,648,11287,1820,8626,24036,30126,10072,10877,4151,6681,261,387,4744,6543,949,871,3859,4767,611,16163,14789,7974,5104,4221,5300
2017,양천구,471154,232518,238636,289,124,156,9,-,18.2,81.8,15.2,24.9,41.8,0.5,16.5,1.1,-,162045,33088,39456,41391,37771,8261,1660,418,2.7,176649,47379,35589,38567,42582,9777,2059,466,153,45,32,"137,056",8370,85758,4265,37784,879,17406820,2909845,16.72,120,33088,12439,8770,640,7865,573,2801,15252,17836,6580,5859,3223,5547,250,390,3421,4444,290,283,1488,1313,149,3677,6210,5687,6005,5583,5777
2017,강서구,601691,292989,308702,275,99,64,112,-,19,81,19.3,32.5,40.4,1.6,5.6,0.6,-,231739,68237,59781,50963,40778,9470,1974,536,2.4,254257,91595,54914,49020,44792,10925,2226,562,143,51,29,"188,176",10895,111037,5134,59950,1160,41436730,4329258,10.45,167,68237,15992,19968,799,12569,876,18033,31534,36703,8371,7621,8158,11810,311,488,5788,6781,492,384,8414,9619,256,13691,17257,10221,9329,8724,8759
2017,구로구,410742,204003,206739,206,51,67,88,-,16.6,83.4,21.4,26.3,43,6.8,1.3,1.1,-,156110,42984,40714,34809,28676,6884,1586,457,2.5,171570,60669,37054,32991,30792,7686,1788,408,128,33,21,"121,684",12008,75540,7405,25884,847,20118709,3190603,15.86,98,42984,14533,10017,1155,4905,939,11435,21366,21618,7840,6693,4032,5985,462,693,2314,2591,523,416,6195,5240,203,7820,9838,7030,6574,5676,5843
2017,금천구,235154,119497,115657,138,42,36,60,-,21.1,78.9,7.4,28,58.8,0.4,3.9,1.6,-,95331,32928,23735,19236,14787,3595,819,231,2.3,106066,44496,22240,18232,15903,3926,953,222,55,23,16,"62,314",9410,29385,3923,19056,540,13019304,2206213,16.95,55,32928,14950,4891,633,4079,1058,7317,18305,14623,8356,6594,2260,2631,268,365,2030,2049,688,370,4703,2614,102,5683,6924,5414,6151,4562,4092
2017,영등포구,368550,183975,184575,148,50,38,60,-,18.5,81.5,16.2,24.5,42.3,3.2,4.6,9.3,-,147559,51151,36710,30068,22879,5277,1172,302,2.3,167355,72378,33120,28372,25600,6022,1348,368,80,35,32,"99,225",15401,68204,1500,12928,1192,24529646,3092598,12.61,126,51151,18612,10650,315,4100,1559,15915,25953,25198,9599,9013,4573,6077,123,192,2137,1963,837,722,8684,7231,195,11714,13138,7701,6904,5579,5920
2017,동작구,396217,193255,202962,235,117,55,63,-,21.2,78.8,31.1,27.4,39.9,1.6,-,-,-,160062,54355,38981,32470,26368,6126,1402,360,2.4,172995,68697,35530,30962,28615,7017,1591,428,99,35,21,"111,548",15626,58320,5236,31283,1083,16354174,4585691,28.04,83,54355,30453,8778,761,8466,2055,3842,26389,27966,15623,14830,3294,5484,332,429,3773,4693,1070,985,2297,1545,1151,17877,12666,6684,5368,4934,5675
2017,관악구,503297,253661,249636,450,167,266,17,-,15.8,84.2,29.5,22.1,42.5,1.6,2.6,1.7,-,232212,106865,53069,36587,27139,6515,1584,453,2.1,255352,133850,47431,34845,29543,7319,1718,462,126,30,28,"124,170",22196,53548,6498,40024,1904,29568727,10975725,37.12,110,106865,56635,10990,1062,10879,8841,18458,57078,49787,31624,25011,4636,6354,470,592,5251,5628,5256,3585,9841,8617,1102,39802,28662,12758,9403,7631,7507
2017,서초구,441102,211236,229866,130,49,26,55,1,18.2,81.8,20,18.8,49.6,3.7,1.3,6.6,-,155513,39702,38291,35950,31968,7412,1685,505,2.6,173594,55973,33829,34428,37230,9097,2136,612,185,59,45,"128,977",6491,91064,5647,24436,1339,46982024,15883168,33.81,151,39702,13538,10883,689,7639,1494,5459,17483,22219,6259,7279,3974,6909,267,422,3265,4374,778,716,2940,2519,537,8351,11380,7083,4610,3871,3870
2017,강남구,556164,266442,289722,146,52,40,54,-,18.7,81.3,25.6,20.3,49.3,1.8,2,1,-,207369,62774,50634,44795,38367,8529,1770,500,2.5,231612,87820,42114,42031,45784,10507,2381,659,189,88,39,"173,282",7334,127206,6149,30806,1787,39501308,6591655,16.69,155,62774,19259,19654,1074,11334,2143,9310,26515,36259,8487,10772,7204,12450,432,642,4553,6781,1027,1116,4812,4498,539,12969,20358,10734,6579,5739,5856
2017,송파구,664496,323147,341349,227,71,55,101,-,25.3,74.7,31.9,23.8,28.4,3.3,7.5,5.1,-,237516,58848,59153,56774,49044,10760,2333,604,2.6,264628,85227,52978,54090,55878,12730,2776,677,186,54,32,"196,672",9322,117214,4892,63581,1663,33876548,4445693,13.12,164,58848,16214,12221,631,18785,1851,9146,26901,31947,8253,7961,4391,7830,233,398,8229,10556,989,862,4806,4340,282,10387,16841,10377,7868,6703,6390
2017,강동구,436223,216777,219446,255,84,59,111,1,18.6,81.4,24.7,16.3,49.7,2.4,4.3,2.6,-,160680,41050,40892,37455,31756,7517,1561,449,2.6,177407,59590,37027,35159,34742,8453,1829,437,107,37,26,"120,940",10742,75263,3551,30251,1133,24589280,3384641,13.76,124,41050,18563,8415,369,7266,1304,5133,20064,20986,9735,8828,3300,5115,143,226,3244,4022,751,553,2891,2242,162,5974,9058,6950,7168,6224,5514
2018,합계,9765623,4773899,4991724,5368,2017,1572,1703,76,20,80,-,-,-,-,-,-,-,3839766,1229421,977469,807545,637385,147231,32059,8656,2.4,4263868,1679049,891792,768663,704778,168321,37669,9452,2699,841,604,"2,894,078",322453,1679639,112372,749971,29643,605196566,168843299,27.9,2859,1229421,513330,264524,18680,205178,43335,184374,581944,647477,262165,251165,100969,163555,7514,11166,91526,113652,23422,19913,96348,88026,14487,304497,273994,173762,158875,146286,157520
2018,종로구,153065,74825,78240,122,50,23,49,-,…,…,-,-,-,-,-,-,-,63773,25326,15957,11241,8286,2228,573,162,2.2,73735,36012,13901,10952,9348,2601,631,195,58,21,16,"45,729",12699,14530,5428,12140,932,23912883,11555792,48.32,108,25326,12405,3014,877,3363,974,4693,12635,12691,6367,6038,1227,1787,314,563,1442,1921,517,457,2768,1925,798,7748,4467,3188,3261,2621,3243
2018,중구,125725,61947,63778,92,29,24,38,1,…,…,-,-,-,-,-,-,-,53102,20803,14101,9601,6463,1591,433,110,2.2,61502,29832,12753,9255,7238,1791,456,114,32,13,18,"40,177",6209,24417,1944,6719,888,9960930,3131968,31.44,70,20803,7161,5875,337,2312,837,4281,10052,10751,3486,3675,2418,3457,152,185,1123,1189,461,376,2412,1869,585,4946,4087,2938,2869,2563,2815
2018,용산구,228999,110640,118359,190,79,74,17,20,…,…,-,-,-,-,-,-,-,92500,34240,24574,17717,12098,3019,681,171,2.2,108974,50818,22284,16997,14034,3606,891,226,72,23,23,"71,680",14792,35728,3996,16416,748,21866844,1795641,8.21,103,34240,16962,6164,740,5405,585,4384,15794,18446,7935,9027,2331,3833,317,423,2437,2968,280,305,2494,1890,307,7676,8577,5364,4249,3614,4453
2018,성동구,308221,151359,156862,155,46,31,77,1,…,…,-,-,-,-,-,-,-,123963,40706,32135,26002,19548,4273,1035,264,2.3,137209,54940,29647,25071,21190,4794,1144,294,95,21,13,"87,830",10944,63976,2032,9785,1093,16860100,3102064,18.4,85,40706,19574,11160,305,3319,1620,4728,20309,20397,10757,8817,4333,6827,130,175,1620,1699,898,722,2571,2157,758,11285,8394,5769,5400,4414,4686
2018,광진구,355559,172794,182765,190,93,36,60,1,…,…,-,-,-,-,-,-,-,148735,56337,35093,28596,22354,4947,1079,329,2.3,162606,70605,32723,27281,24753,5508,1270,323,89,31,23,"85,638",16002,30425,4152,33565,1494,17063230,3363048,19.71,59,56337,34025,3591,585,9655,2394,6087,27057,29280,17100,16925,1359,2232,218,367,4129,5526,1222,1172,3029,3058,736,17721,13474,7456,6710,5310,4930
2018,동대문구,348052,173567,174485,237,91,57,86,3,…,…,-,-,-,-,-,-,-,146974,55593,35628,27612,21139,5341,1321,340,2.3,161820,72616,32618,26287,22662,5777,1408,323,88,27,14,"100,802",19484,60386,3181,16093,1658,14215197,1275850,8.98,95,55593,29027,10703,622,5234,2329,7678,28098,27495,15399,13628,4340,6363,292,330,2609,2625,1207,1122,4251,3427,1844,18361,9233,6376,6494,6246,7039
2018,중랑구,403209,200419,202790,259,84,72,100,3,…,…,-,-,-,-,-,-,-,159444,49207,42934,34055,25381,6159,1353,355,2.4,180511,72086,40504,32621,26995,6517,1332,338,82,22,14,"105,691",19208,51475,4451,29040,1517,18495756,5206342,28.15,102,49207,28846,8012,834,6787,1461,3267,24711,24496,15407,13439,3085,4927,363,471,3177,3610,801,660,1878,1389,167,6537,9133,7838,9788,8172,7572
2018,성북구,435868,211904,223964,261,78,43,138,2,…,…,-,-,-,-,-,-,-,171943,55136,42140,36301,29176,7067,1665,458,2.4,186601,71004,38798,34648,31796,7789,1882,496,113,33,42,"129,994",24207,71754,6097,26446,1490,24578665,8342383,33.94,127,55136,28327,10703,1140,7457,2724,4785,24777,30359,13442,14885,3993,6710,476,664,3236,4221,1283,1441,2347,2438,1616,18622,8540,6311,6252,6106,7689
2018,강북구,319164,156071,163093,280,98,59,119,4,…,…,-,-,-,-,-,-,-,127551,40872,34781,26543,19222,4748,1077,308,2.3,143395,57388,33037,25619,20545,5267,1147,252,93,22,25,"95,097",18185,33282,4881,37671,1078,23596920,14346715,60.8,84,40872,20918,6208,893,9084,917,2852,18508,22364,10104,10814,2175,4033,323,570,3786,5298,470,447,1650,1202,324,6451,6305,5984,7069,7061,7678
2018,도봉구,339413,166160,173253,204,76,45,82,1,…,…,-,-,-,-,-,-,-,126286,30848,35343,30077,23237,5292,1146,343,2.5,138087,43182,32551,28962,25408,6092,1389,356,92,42,13,"105,526",8903,64580,4176,27138,729,20667909,10075345,48.75,79,30848,11765,9737,626,5745,537,2438,13586,17262,5881,5884,3302,6435,250,376,2408,3337,279,258,1466,972,194,3461,4456,4736,5685,5631,6685
2018,노원구,543752,263919,279833,222,63,49,109,1,…,…,-,-,-,-,-,-,-,202326,51280,51939,47672,40995,8517,1542,381,2.6,217655,67527,47741,44866,45217,9770,1932,403,138,39,22,"186,533",6783,161273,3467,14312,698,35437921,14337687,40.46,181,51280,11789,31115,639,4429,871,2437,21674,29606,6159,5630,11058,20057,276,363,2148,2281,529,342,1504,933,854,10053,6676,6589,7428,8615,11065
2018,은평구,483197,233702,249495,285,95,52,133,5,…,…,-,-,-,-,-,-,-,181338,48888,50617,40750,31086,7833,1682,482,2.5,205001,73517,46903,39233,33915,8691,2037,508,129,34,34,"144,611",16000,52607,6297,68390,1317,29704588,13997925,47.12,133,48888,17252,7428,907,15721,1062,6518,21694,27194,8202,9050,2836,4592,337,570,6631,9090,562,500,3126,3392,235,7470,9976,7718,7471,7566,8452
2018,서대문구,310313,149569,160744,179,73,23,82,1,…,…,-,-,-,-,-,-,-,127197,44795,31734,25206,19423,4641,1082,316,2.3,138549,57194,28781,24437,21209,5260,1207,341,85,21,14,"94,884",13378,48277,5486,26783,960,17608732,5136075,29.17,118,44795,21768,8261,1075,7608,1499,4584,19553,25242,10025,11743,3048,5213,410,665,3261,4347,733,766,2076,2508,831,15995,7866,5184,4529,4540,5850
2018,마포구,375077,178240,196837,222,106,89,15,12,…,…,-,-,-,-,-,-,-,154940,56837,38861,29938,22671,5233,1108,292,2.3,172505,75480,35381,28617,25285,5962,1279,342,103,31,25,"118,619",12225,66582,3227,35003,1582,23843621,4439901,18.62,142,56837,20762,11018,663,11909,1765,10720,24992,31845,10135,10627,4092,6926,275,388,5035,6874,898,867,4557,6163,782,17338,15487,8058,5231,4346,5595
2018,양천구,464185,228634,235551,231,117,112,2,-,…,…,-,-,-,-,-,-,-,162039,34304,40185,41534,36359,7768,1502,387,2.7,176498,48615,36590,38406,40961,9321,1930,462,143,41,29,"137,850",7990,85921,4225,38855,859,17406820,2909845,16.72,120,34304,12097,9315,711,8716,594,2871,15827,18477,6487,5610,3413,5902,268,443,3790,4926,323,271,1546,1325,149,3941,6434,5425,6028,6044,6283
2018,강서구,596949,290079,306870,288,99,81,103,5,…,…,-,-,-,-,-,-,-,235754,73011,62155,50204,39017,9061,1807,499,2.4,258503,97429,56974,48238,42634,10322,2167,526,140,49,24,"190,525",10697,111811,4966,61900,1151,41436730,4329258,10.45,167,73011,15968,21221,823,13963,900,20136,33780,39231,8454,7514,8693,12528,326,497,6452,7511,508,392,9347,10789,270,15140,18490,10700,9412,9554,9445
2018,구로구,404497,200417,204080,173,41,53,76,3,…,…,-,-,-,-,-,-,-,156235,44151,41836,34633,27310,6479,1425,401,2.5,172457,62904,38316,32605,29225,7252,1612,382,104,38,19,"124,569",11827,77194,7392,27310,846,20118709,3327670,16.54,101,44151,14196,11042,1235,5248,865,11565,21887,22264,7777,6419,4419,6623,467,768,2506,2742,494,371,6224,5341,236,8320,9713,6947,6568,6035,6332
2018,금천구,233917,118915,115002,135,37,38,58,2,…,…,-,-,-,-,-,-,-,96298,34564,24305,18948,14102,3388,769,222,2.3,107971,46842,23081,17997,15103,3779,870,210,52,22,15,"65,244",9217,30918,3872,20696,541,13019304,2206213,16.95,55,34564,14702,6178,621,4813,937,7313,19079,15485,8231,6471,3041,3137,262,359,2458,2355,592,345,4495,2818,104,6657,7206,5219,6184,4866,4328
2018,영등포구,367778,183224,184554,139,50,44,43,2,…,…,-,-,-,-,-,-,-,149831,53477,37774,29904,22271,5038,1086,281,2.3,171085,76795,34146,28128,24538,5738,1282,314,89,22,33,"99,971",14644,68984,1486,13674,1183,24529646,3091054,12.6,125,53477,18580,11139,321,4705,1648,17084,27090,26387,9670,8910,4646,6493,126,195,2435,2270,901,747,9312,7772,186,12973,14059,7550,6802,5746,6161
2018,동작구,396203,192533,203670,227,118,67,42,-,…,…,-,-,-,-,-,-,-,161495,56872,39300,32597,25296,5811,1277,342,2.3,177176,73426,36424,30966,27729,6609,1469,400,99,33,21,"112,032",14889,59188,5152,31713,1090,16354174,4585391,28.04,82,56872,31577,9061,796,9050,2263,4125,27452,29420,16139,15438,3335,5726,338,458,4017,5033,1166,1097,2457,1668,1108,19480,12873,6651,5422,5250,6088
2018,관악구,501957,252160,249797,493,207,275,11,-,…,…,-,-,-,-,-,-,-,236761,112733,54106,35925,25997,6172,1451,377,2,262222,142742,48591,33787,28087,6823,1576,425,129,37,25,"125,148",21584,53915,6442,41274,1933,29568727,10977114,37.12,110,112733,59159,11808,1095,11742,9716,19213,59445,53288,32561,26598,4945,6863,472,623,5598,6144,5728,3988,10141,9072,1048,44034,29453,12561,9599,7968,8070
2018,서초구,433951,207868,226083,124,42,15,64,3,…,…,-,-,-,-,-,-,-,155418,41137,38475,35620,31029,7112,1598,447,2.6,172918,57213,34019,34110,35896,8780,2067,552,177,59,45,"132,040",6395,93299,5592,25426,1328,46982024,16036321,34.13,165,41137,13202,11547,740,8131,1470,6047,18082,23055,6110,7092,4176,7371,280,460,3585,4546,767,703,3164,2883,504,8625,11800,7192,4776,4137,4103
2018,강남구,542364,259611,282753,158,58,41,57,2,…,…,-,-,-,-,-,-,-,203083,62727,50076,43542,36572,8063,1664,439,2.4,228775,88584,42357,40866,43665,10097,2292,618,180,77,39,"171,431",7283,124418,6121,31817,1792,39501308,6591655,16.69,155,62727,19038,18614,1045,11888,2222,9920,26718,36009,8593,10445,6715,11899,433,612,4935,6953,1057,1165,4985,4935,421,13164,20173,10591,6413,5760,6205
2018,송파구,666635,323526,343109,211,57,62,90,2,…,…,-,-,-,-,-,-,-,243547,63451,61970,56824,48156,10366,2235,545,2.5,270866,90734,55726,54172,54371,12242,2704,623,207,56,31,"199,739",8441,119226,4797,65656,1619,33876548,4642075,13.7,168,63451,15912,13129,659,20698,1835,11218,28740,34711,8089,7823,4754,8375,257,402,9100,11598,991,844,5549,5669,286,12058,18041,10580,8130,7496,6860
2018,강동구,427573,211816,215757,291,130,107,52,2,…,…,-,-,-,-,-,-,-,159233,42126,41450,36503,30197,7084,1468,405,2.5,177247,61564,37946,34542,32974,7933,1695,429,110,27,27,"122,718",10467,75473,3512,32149,1117,24589280,3369970,13.71,124,42126,18318,8481,391,8196,1310,5430,20404,21722,9655,8663,3235,5246,152,239,3608,4588,755,555,2999,2431,144,6441,9081,6837,7105,6625,5893
