,기간,자치구,사람 수,남자수,여자수,유기견수,복귀,입양분양,폐사안락사,계류기증,분류,있다,없다,동물판매업소,유상입양,무상입양,인터넷을 통해 구입,유기동물 입양,원래 기르던 동물이 낳은 새끼,기타,계,1인가구,2인가구,3인가구,4인가구,5인 가구,6인가구,7인이상 가구,평균가구원수,전체세대,1인세대,2인세대,3인세대,4인세대,5인세대,6인세대,7인세대,8인세대,9인세대,10인세대 이상,합계,단독주택,아파트,연립주택,다세대주택,비거주용 건물내 주택,주택이외의 거처,합계_남,합계_여,단독주택_남,단독주택_여,아파트_남,아파트_여,연립주택_남,연립주택_여,다세대주택_남,다세대주택_여,비거주용 건물내 주택_남,비거주용 건물내 주택_여,주택이외의 거처_남,주택이외의 거처_여
0,2005,합계,10167344,5062492,5104852,14679,601,525,7736,5817,,,,,,,,,,,3309890.0,675739.0,670455.0,732043.0,917243.0,248450.0,49781.0,16179.0,2.9,,,,,,,,,,,,,,,,,,,,,,,,,,,,,,,,
1,2005,종로구,169315,84981,84334,258,12,3,89,154,,,,,,,,,,,54534.0,14592.0,11641.0,10624.0,12373.0,4087.0,905.0,312.0,2.7,,,,,,,,,,,,,,,,,,,,,,,,,,,,,,,,
2,2005,중구,130027,64995,65032,264,0,9,102,153,,,,,,,,,,,46625.0,13128.0,9833.0,9270.0,9961.0,3538.0,627.0,268.0,2.7,,,,,,,,,,,,,,,,,,,,,,,,,,,,,,,,
3,2005,용산구,230260,113158,117102,383,12,12,170,189,,,,,,,,,,,76125.0,18218.0,18032.0,16187.0,17302.0,4902.0,1088.0,396.0,2.7,,,,,,,,,,,,,,,,,,,,,,,,,,,,,,,,
4,2005,성동구,337744,169346,168398,431,19,7,96,309,,,,,,,,,,,111485.0,23161.0,24104.0,24784.0,28823.0,8263.0,1756.0,594.0,2.8,,,,,,,,,,,,,,,,,,,,,,,,,,,,,,,,
5,2005,광진구,375613,187320,188293,788,47,16,290,435,,,,,,,,,,,125845.0,27975.0,26349.0,26617.0,33676.0,8877.0,1772.0,579.0,2.8,,,,,,,,,,,,,,,,,,,,,,,,,,,,,,,,
6,2005,동대문구,381110,192317,188793,375,8,14,160,193,,,,,,,,,,,131213.0,32710.0,27114.0,26816.0,31631.0,10078.0,2140.0,724.0,2.8,,,,,,,,,,,,,,,,,,,,,,,,,,,,,,,,
7,2005,중랑구,427373,213775,213598,658,27,17,591,23,,,,,,,,,,,137907.0,25622.0,27876.0,31417.0,39299.0,10646.0,2344.0,703.0,2.9,,,,,,,,,,,,,,,,,,,,,,,,,,,,,,,,
8,2005,성북구,462879,230451,232428,564,19,10,148,387,,,,,,,,,,,146894.0,28278.0,30470.0,33140.0,39923.0,11541.0,2683.0,859.0,2.9,,,,,,,,,,,,,,,,,,,,,,,,,,,,,,,,
9,2005,강북구,353260,175723,177537,576,22,11,521,22,,,,,,,,,,,112719.0,19661.0,23947.0,26804.0,30732.0,8733.0,2073.0,769.0,3.0,,,,,,,,,,,,,,,,,,,,,,,,,,,,,,,,
10,2005,도봉구,381529,189766,191763,556,27,17,488,24,,,,,,,,,,,116492.0,15890.0,22224.0,28227.0,37951.0,9575.0,1972.0,653.0,3.1,,,,,,,,,,,,,,,,,,,,,,,,,,,,,,,,
11,2005,노원구,622003,306356,315647,560,26,11,244,279,,,,,,,,,,,191342.0,25701.0,36951.0,46455.0,63524.0,15091.0,2827.0,793.0,3.1,,,,,,,,,,,,,,,,,,,,,,,,,,,,,,,,
12,2005,은평구,470751,233418,237333,823,32,11,752,28,,,,,,,,,,,145477.0,23461.0,30238.0,35247.0,41328.0,11595.0,2636.0,972.0,3.0,,,,,,,,,,,,,,,,,,,,,,,,,,,,,,,,
13,2005,서대문구,349163,171773,177390,596,24,7,146,419,,,,,,,,,,,117866.0,26764.0,25469.0,25293.0,29296.0,8394.0,1941.0,709.0,2.8,,,,,,,,,,,,,,,,,,,,,,,,,,,,,,,,
14,2005,마포구,388164,190582,197582,557,17,5,529,6,,,,,,,,,,,135042.0,34262.0,30249.0,28207.0,30947.0,8756.0,1963.0,658.0,2.7,,,,,,,,,,,,,,,,,,,,,,,,,,,,,,,,
15,2005,양천구,499755,250040,249715,843,28,12,767,36,,,,,,,,,,,148261.0,20344.0,25960.0,34842.0,51480.0,12720.0,2263.0,652.0,3.1,,,,,,,,,,,,,,,,,,,,,,,,,,,,,,,,
16,2005,강서구,553660,274159,279501,1069,45,9,374,641,,,,,,,,,,,178045.0,31163.0,35534.0,41570.0,52590.0,13674.0,2690.0,824.0,3.0,,,,,,,,,,,,,,,,,,,,,,,,,,,,,,,,
17,2005,구로구,416405,211109,205296,601,17,9,229,346,,,,,,,,,,,132705.0,23406.0,26124.0,30326.0,39037.0,10917.0,2203.0,692.0,3.0,,,,,,,,,,,,,,,,,,,,,,,,,,,,,,,,
18,2005,금천구,256902,130883,126019,340,6,5,323,6,,,,,,,,,,,85171.0,18201.0,16598.0,18347.0,23984.0,6359.0,1282.0,400.0,2.9,,,,,,,,,,,,,,,,,,,,,,,,,,,,,,,,
19,2005,영등포구,408386,206376,202010,588,16,8,268,296,,,,,,,,,,,135609.0,28624.0,29255.0,29601.0,35967.0,9622.0,1933.0,607.0,2.8,,,,,,,,,,,,,,,,,,,,,,,,,,,,,,,,
20,2005,동작구,410481,203993,206488,679,26,11,616,26,,,,,,,,,,,136863.0,28068.0,29717.0,30434.0,35661.0,10130.0,2118.0,735.0,2.9,,,,,,,,,,,,,,,,,,,,,,,,,,,,,,,,
21,2005,관악구,530020,270064,259956,717,25,16,240,436,,,,,,,,,,,202788.0,66058.0,40181.0,37525.0,43105.0,12397.0,2639.0,883.0,2.5,,,,,,,,,,,,,,,,,,,,,,,,,,,,,,,,
22,2005,서초구,401736,196268,205468,359,19,7,77,256,,,,,,,,,,,124933.0,24349.0,24999.0,27892.0,36003.0,9720.0,1508.0,462.0,2.9,,,,,,,,,,,,,,,,,,,,,,,,,,,,,,,,
23,2005,강남구,540909,262628,278281,581,48,277,89,167,,,,,,,,,,,186020.0,50545.0,37017.0,37099.0,47661.0,11747.0,1511.0,440.0,2.7,,,,,,,,,,,,,,,,,,,,,,,,,,,,,,,,
24,2005,송파구,605840,299659,306181,791,38,16,195,542,,,,,,,,,,,187000.0,31972.0,34772.0,42391.0,58994.0,15352.0,2725.0,794.0,3.0,,,,,,,,,,,,,,,,,,,,,,,,,,,,,,,,
25,2005,강동구,464059,233352,230707,722,41,5,232,444,,,,,,,,,,,142929.0,23586.0,25801.0,32928.0,45995.0,11736.0,2182.0,701.0,3.0,,,,,,,,,,,,,,,,,,,,,,,,,,,,,,,,
26,2006,합계,10181166,5062107,5119059,11423,666,695,5310,4752,,,,,,,,,,,,,,,,,,,,,,,,,,,,,,,,,,,,,,,,,,,,,,,,,,,
27,2006,종로구,166793,83634,83159,185,14,3,66,102,,,,,,,,,,,,,,,,,,,,,,,,,,,,,,,,,,,,,,,,,,,,,,,,,,,
28,2006,중구,130649,65208,65441,148,7,3,29,109,,,,,,,,,,,,,,,,,,,,,,,,,,,,,,,,,,,,,,,,,,,,,,,,,,,
29,2006,용산구,232035,114041,117994,296,13,6,96,181,,,,,,,,,,,,,,,,,,,,,,,,,,,,,,,,,,,,,,,,,,,,,,,,,,,
30,2006,성동구,334437,167763,166674,303,14,8,269,12,,,,,,,,,,,,,,,,,,,,,,,,,,,,,,,,,,,,,,,,,,,,,,,,,,,
31,2006,광진구,374442,186268,188174,637,33,14,188,402,,,,,,,,,,,,,,,,,,,,,,,,,,,,,,,,,,,,,,,,,,,,,,,,,,,
32,2006,동대문구,378860,190947,187913,450,24,9,153,264,,,,,,,,,,,,,,,,,,,,,,,,,,,,,,,,,,,,,,,,,,,,,,,,,,,
33,2006,중랑구,426078,212918,213160,510,28,25,442,15,,,,,,,,,,,,,,,,,,,,,,,,,,,,,,,,,,,,,,,,,,,,,,,,,,,
34,2006,성북구,472843,235057,237786,506,29,8,160,309,,,,,,,,,,,,,,,,,,,,,,,,,,,,,,,,,,,,,,,,,,,,,,,,,,,
35,2006,강북구,348990,173510,175480,490,24,13,441,12,,,,,,,,,,,,,,,,,,,,,,,,,,,,,,,,,,,,,,,,,,,,,,,,,,,
36,2006,도봉구,377534,187442,190092,440,28,18,364,30,,,,,,,,,,,,,,,,,,,,,,,,,,,,,,,,,,,,,,,,,,,,,,,,,,,
37,2006,노원구,618093,304047,314046,420,24,11,98,287,,,,,,,,,,,,,,,,,,,,,,,,,,,,,,,,,,,,,,,,,,,,,,,,,,,
38,2006,은평구,464580,230143,234437,683,42,16,586,39,,,,,,,,,,,,,,,,,,,,,,,,,,,,,,,,,,,,,,,,,,,,,,,,,,,
39,2006,서대문구,349020,171098,177922,484,36,13,101,334,,,,,,,,,,,,,,,,,,,,,,,,,,,,,,,,,,,,,,,,,,,,,,,,,,,
40,2006,마포구,390583,191287,199296,455,27,12,188,228,,,,,,,,,,,,,,,,,,,,,,,,,,,,,,,,,,,,,,,,,,,,,,,,,,,
41,2006,양천구,501717,250479,251238,593,34,12,513,34,,,,,,,,,,,,,,,,,,,,,,,,,,,,,,,,,,,,,,,,,,,,,,,,,,,
42,2006,강서구,554945,274528,280417,741,27,24,203,487,,,,,,,,,,,,,,,,,,,,,,,,,,,,,,,,,,,,,,,,,,,,,,,,,,,
43,2006,구로구,419832,212559,207273,477,27,16,185,249,,,,,,,,,,,,,,,,,,,,,,,,,,,,,,,,,,,,,,,,,,,,,,,,,,,
44,2006,금천구,253243,129041,124202,295,10,6,272,7,,,,,,,,,,,,,,,,,,,,,,,,,,,,,,,,,,,,,,,,,,,,,,,,,,,
45,2006,영등포구,408698,206343,202355,372,12,14,121,225,,,,,,,,,,,,,,,,,,,,,,,,,,,,,,,,,,,,,,,,,,,,,,,,,,,
46,2006,동작구,408582,202449,206133,470,28,11,299,132,,,,,,,,,,,,,,,,,,,,,,,,,,,,,,,,,,,,,,,,,,,,,,,,,,,
47,2006,관악구,535217,272339,262878,576,21,17,161,377,,,,,,,,,,,,,,,,,,,,,,,,,,,,,,,,,,,,,,,,,,,,,,,,,,,
48,2006,서초구,408266,198874,209392,229,12,4,54,159,,,,,,,,,,,,,,,,,,,,,,,,,,,,,,,,,,,,,,,,,,,,,,,,,,,
49,2006,강남구,556964,269857,287107,541,76,406,42,17,,,,,,,,,,,,,,,,,,,,,,,,,,,,,,,,,,,,,,,,,,,,,,,,,,,
50,2006,송파구,607005,300173,306832,584,32,15,149,388,,,,,,,,,,,,,,,,,,,,,,,,,,,,,,,,,,,,,,,,,,,,,,,,,,,
51,2006,강동구,461760,232102,229658,538,44,11,130,353,,,,,,,,,,,,,,,,,,,,,,,,,,,,,,,,,,,,,,,,,,,,,,,,,,,
52,2007,합계,10192710,5063188,5129522,9910,787,929,8189,5,,,,,,,,,,,,,,,,,,,,,,,,,,,,,,,,,,,,,,,,,,,,,,,,,,,
53,2007,종로구,165846,83104,82742,164,10,5,149,-,,,,,,,,,,,,,,,,,,,,,,,,,,,,,,,,,,,,,,,,,,,,,,,,,,,
54,2007,중구,130044,64908,65136,143,10,3,130,-,,,,,,,,,,,,,,,,,,,,,,,,,,,,,,,,,,,,,,,,,,,,,,,,,,,
55,2007,용산구,235832,115865,119967,540,72,343,125,-,,,,,,,,,,,,,,,,,,,,,,,,,,,,,,,,,,,,,,,,,,,,,,,,,,,
56,2007,성동구,333535,167424,166111,287,10,12,265,-,,,,,,,,,,,,,,,,,,,,,,,,,,,,,,,,,,,,,,,,,,,,,,,,,,,
57,2007,광진구,376572,186945,189627,472,31,30,411,-,,,,,,,,,,,,,,,,,,,,,,,,,,,,,,,,,,,,,,,,,,,,,,,,,,,
58,2007,동대문구,376421,189686,186735,368,19,17,332,-,,,,,,,,,,,,,,,,,,,,,,,,,,,,,,,,,,,,,,,,,,,,,,,,,,,
59,2007,중랑구,427071,213662,213409,425,31,24,370,-,,,,,,,,,,,,,,,,,,,,,,,,,,,,,,,,,,,,,,,,,,,,,,,,,,,
60,2007,성북구,469973,233505,236468,383,22,20,341,-,,,,,,,,,,,,,,,,,,,,,,,,,,,,,,,,,,,,,,,,,,,,,,,,,,,
61,2007,강북구,345478,171730,173748,424,29,20,375,-,,,,,,,,,,,,,,,,,,,,,,,,,,,,,,,,,,,,,,,,,,,,,,,,,,,
62,2007,도봉구,375975,186424,189551,342,30,21,287,4,,,,,,,,,,,,,,,,,,,,,,,,,,,,,,,,,,,,,,,,,,,,,,,,,,,
63,2007,노원구,616753,302823,313930,416,36,23,357,-,,,,,,,,,,,,,,,,,,,,,,,,,,,,,,,,,,,,,,,,,,,,,,,,,,,
64,2007,은평구,459196,227286,231910,624,51,23,550,-,,,,,,,,,,,,,,,,,,,,,,,,,,,,,,,,,,,,,,,,,,,,,,,,,,,
65,2007,서대문구,348575,170588,177987,398,31,9,358,-,,,,,,,,,,,,,,,,,,,,,,,,,,,,,,,,,,,,,,,,,,,,,,,,,,,
66,2007,마포구,392650,192383,200267,349,25,8,316,-,,,,,,,,,,,,,,,,,,,,,,,,,,,,,,,,,,,,,,,,,,,,,,,,,,,
67,2007,양천구,503650,251355,252295,479,42,33,404,-,,,,,,,,,,,,,,,,,,,,,,,,,,,,,,,,,,,,,,,,,,,,,,,,,,,
68,2007,강서구,560424,276977,283447,631,41,35,555,-,,,,,,,,,,,,,,,,,,,,,,,,,,,,,,,,,,,,,,,,,,,,,,,,,,,
69,2007,구로구,420542,212665,207877,402,25,27,350,-,,,,,,,,,,,,,,,,,,,,,,,,,,,,,,,,,,,,,,,,,,,,,,,,,,,
70,2007,금천구,249108,126977,122131,268,19,4,245,-,,,,,,,,,,,,,,,,,,,,,,,,,,,,,,,,,,,,,,,,,,,,,,,,,,,
71,2007,영등포구,408178,205976,202202,344,26,17,301,-,,,,,,,,,,,,,,,,,,,,,,,,,,,,,,,,,,,,,,,,,,,,,,,,,,,
72,2007,동작구,405967,200891,205076,420,23,15,381,1,,,,,,,,,,,,,,,,,,,,,,,,,,,,,,,,,,,,,,,,,,,,,,,,,,,
73,2007,관악구,535571,272618,262953,527,43,27,457,-,,,,,,,,,,,,,,,,,,,,,,,,,,,,,,,,,,,,,,,,,,,,,,,,,,,
74,2007,서초구,405969,197555,208414,201,20,17,164,-,,,,,,,,,,,,,,,,,,,,,,,,,,,,,,,,,,,,,,,,,,,,,,,,,,,
75,2007,강남구,560958,270925,290033,401,67,153,181,-,,,,,,,,,,,,,,,,,,,,,,,,,,,,,,,,,,,,,,,,,,,,,,,,,,,
76,2007,송파구,623876,307693,316183,451,34,12,405,-,,,,,,,,,,,,,,,,,,,,,,,,,,,,,,,,,,,,,,,,,,,,,,,,,,,
77,2007,강동구,464546,233223,231323,451,40,31,380,-,,,,,,,,,,,,,,,,,,,,,,,,,,,,,,,,,,,,,,,,,,,,,,,,,,,
78,2008,합계,10200827,5061809,5139018,11279,1370,3206,6435,268,,,,,,,,,,,,,,,,,,,,,,,,,,,,,,,,,,,,,,,,,,,,,,,,,,,
79,2008,종로구,170705,85398,85307,264,36,112,98,18,,,,,,,,,,,,,,,,,,,,,,,,,,,,,,,,,,,,,,,,,,,,,,,,,,,
80,2008,중구,130362,65110,65252,167,12,9,146,-,,,,,,,,,,,,,,,,,,,,,,,,,,,,,,,,,,,,,,,,,,,,,,,,,,,
81,2008,용산구,238224,116781,121443,555,49,282,224,-,,,,,,,,,,,,,,,,,,,,,,,,,,,,,,,,,,,,,,,,,,,,,,,,,,,
82,2008,성동구,314212,157602,156610,243,22,8,211,2,,,,,,,,,,,,,,,,,,,,,,,,,,,,,,,,,,,,,,,,,,,,,,,,,,,
83,2008,광진구,375482,186237,189245,417,36,34,347,-,,,,,,,,,,,,,,,,,,,,,,,,,,,,,,,,,,,,,,,,,,,,,,,,,,,
84,2008,동대문구,370250,186744,183506,371,35,32,304,-,,,,,,,,,,,,,,,,,,,,,,,,,,,,,,,,,,,,,,,,,,,,,,,,,,,
85,2008,중랑구,427871,214351,213520,388,25,19,344,-,,,,,,,,,,,,,,,,,,,,,,,,,,,,,,,,,,,,,,,,,,,,,,,,,,,
86,2008,성북구,473357,234730,238627,658,116,317,211,14,,,,,,,,,,,,,,,,,,,,,,,,,,,,,,,,,,,,,,,,,,,,,,,,,,,
87,2008,강북구,342274,169887,172387,534,72,258,192,12,,,,,,,,,,,,,,,,,,,,,,,,,,,,,,,,,,,,,,,,,,,,,,,,,,,
88,2008,도봉구,373936,185376,188560,351,34,32,283,2,,,,,,,,,,,,,,,,,,,,,,,,,,,,,,,,,,,,,,,,,,,,,,,,,,,
89,2008,노원구,615981,301982,313999,365,47,23,293,2,,,,,,,,,,,,,,,,,,,,,,,,,,,,,,,,,,,,,,,,,,,,,,,,,,,
90,2008,은평구,458401,226636,231765,529,54,36,439,-,,,,,,,,,,,,,,,,,,,,,,,,,,,,,,,,,,,,,,,,,,,,,,,,,,,
91,2008,서대문구,331688,162350,169338,525,70,335,118,2,,,,,,,,,,,,,,,,,,,,,,,,,,,,,,,,,,,,,,,,,,,,,,,,,,,
92,2008,마포구,385119,188327,196792,414,33,62,311,8,,,,,,,,,,,,,,,,,,,,,,,,,,,,,,,,,,,,,,,,,,,,,,,,,,,
93,2008,양천구,502343,250516,251827,684,99,374,203,8,,,,,,,,,,,,,,,,,,,,,,,,,,,,,,,,,,,,,,,,,,,,,,,,,,,
94,2008,강서구,576848,284817,292031,576,58,58,458,2,,,,,,,,,,,,,,,,,,,,,,,,,,,,,,,,,,,,,,,,,,,,,,,,,,,
95,2008,구로구,420795,212461,208334,567,86,150,286,45,,,,,,,,,,,,,,,,,,,,,,,,,,,,,,,,,,,,,,,,,,,,,,,,,,,
96,2008,금천구,247320,125931,121389,243,21,11,208,3,,,,,,,,,,,,,,,,,,,,,,,,,,,,,,,,,,,,,,,,,,,,,,,,,,,
97,2008,영등포구,408099,205732,202367,350,25,24,297,4,,,,,,,,,,,,,,,,,,,,,,,,,,,,,,,,,,,,,,,,,,,,,,,,,,,
98,2008,동작구,400866,197951,202915,561,69,177,302,13,,,,,,,,,,,,,,,,,,,,,,,,,,,,,,,,,,,,,,,,,,,,,,,,,,,
99,2008,관악구,534556,271762,262794,627,64,168,395,-,,,,,,,,,,,,,,,,,,,,,,,,,,,,,,,,,,,,,,,,,,,,,,,,,,,
100,2008,서초구,406320,197570,208750,281,34,66,168,13,,,,,,,,,,,,,,,,,,,,,,,,,,,,,,,,,,,,,,,,,,,,,,,,,,,
101,2008,강남구,557832,268963,288869,511,133,244,80,54,,,,,,,,,,,,,,,,,,,,,,,,,,,,,,,,,,,,,,,,,,,,,,,,,,,
102,2008,송파구,668962,329262,339700,423,32,30,361,-,,,,,,,,,,,,,,,,,,,,,,,,,,,,,,,,,,,,,,,,,,,,,,,,,,,
103,2008,강동구,469024,235333,233691,675,108,345,156,66,,,,,,,,,,,,,,,,,,,,,,,,,,,,,,,,,,,,,,,,,,,,,,,,,,,
104,2009,합계,10208302,5059269,5149033,10947,1733,3779,5147,288,,,,,,,,,,,,,,,,,,,,,,,,,,,,,,,,,,,,,,,,,,,,,,,,,,,
105,2009,종로구,168603,84257,84346,227,69,119,30,9,,,,,,,,,,,,,,,,,,,,,,,,,,,,,,,,,,,,,,,,,,,,,,,,,,,
106,2009,중구,129465,65025,64440,115,11,17,87,-,,,,,,,,,,,,,,,,,,,,,,,,,,,,,,,,,,,,,,,,,,,,,,,,,,,
107,2009,용산구,238708,116954,121754,541,62,298,181,-,,,,,,,,,,,,,,,,,,,,,,,,,,,,,,,,,,,,,,,,,,,,,,,,,,,
108,2009,성동구,308058,154333,153725,265,46,26,193,-,,,,,,,,,,,,,,,,,,,,,,,,,,,,,,,,,,,,,,,,,,,,,,,,,,,
109,2009,광진구,373998,185190,188808,357,46,57,251,3,,,,,,,,,,,,,,,,,,,,,,,,,,,,,,,,,,,,,,,,,,,,,,,,,,,
110,2009,동대문구,362146,182550,179596,321,44,47,228,2,,,,,,,,,,,,,,,,,,,,,,,,,,,,,,,,,,,,,,,,,,,,,,,,,,,
111,2009,중랑구,424761,212576,212185,376,51,19,306,-,,,,,,,,,,,,,,,,,,,,,,,,,,,,,,,,,,,,,,,,,,,,,,,,,,,
112,2009,성북구,476028,235755,240273,406,46,26,334,-,,,,,,,,,,,,,,,,,,,,,,,,,,,,,,,,,,,,,,,,,,,,,,,,,,,
113,2009,강북구,340367,168998,171369,430,60,53,317,-,,,,,,,,,,,,,,,,,,,,,,,,,,,,,,,,,,,,,,,,,,,,,,,,,,,
114,2009,도봉구,369733,182985,186748,284,35,35,208,6,,,,,,,,,,,,,,,,,,,,,,,,,,,,,,,,,,,,,,,,,,,,,,,,,,,
115,2009,노원구,610616,299211,311405,362,45,37,280,-,,,,,,,,,,,,,,,,,,,,,,,,,,,,,,,,,,,,,,,,,,,,,,,,,,,
116,2009,은평구,465895,229728,236167,924,179,492,240,13,,,,,,,,,,,,,,,,,,,,,,,,,,,,,,,,,,,,,,,,,,,,,,,,,,,
117,2009,서대문구,327451,160243,167208,478,84,290,104,-,,,,,,,,,,,,,,,,,,,,,,,,,,,,,,,,,,,,,,,,,,,,,,,,,,,
118,2009,마포구,384013,187324,196689,513,76,384,53,-,,,,,,,,,,,,,,,,,,,,,,,,,,,,,,,,,,,,,,,,,,,,,,,,,,,
119,2009,양천구,501395,249567,251828,578,82,230,254,12,,,,,,,,,,,,,,,,,,,,,,,,,,,,,,,,,,,,,,,,,,,,,,,,,,,
120,2009,강서구,572836,282529,290307,577,79,73,415,10,,,,,,,,,,,,,,,,,,,,,,,,,,,,,,,,,,,,,,,,,,,,,,,,,,,
121,2009,구로구,421967,212953,209014,518,85,196,182,55,,,,,,,,,,,,,,,,,,,,,,,,,,,,,,,,,,,,,,,,,,,,,,,,,,,
122,2009,금천구,244835,124836,119999,242,38,25,172,7,,,,,,,,,,,,,,,,,,,,,,,,,,,,,,,,,,,,,,,,,,,,,,,,,,,
123,2009,영등포구,405798,204349,201449,288,37,19,229,3,,,,,,,,,,,,,,,,,,,,,,,,,,,,,,,,,,,,,,,,,,,,,,,,,,,
124,2009,동작구,397920,196339,201581,577,77,99,343,58,,,,,,,,,,,,,,,,,,,,,,,,,,,,,,,,,,,,,,,,,,,,,,,,,,,
125,2009,관악구,529869,269023,260846,785,101,421,211,52,,,,,,,,,,,,,,,,,,,,,,,,,,,,,,,,,,,,,,,,,,,,,,,,,,,
126,2009,서초구,425481,206346,219135,196,27,26,143,-,,,,,,,,,,,,,,,,,,,,,,,,,,,,,,,,,,,,,,,,,,,,,,,,,,,
127,2009,강남구,562138,270720,291418,314,69,58,184,3,,,,,,,,,,,,,,,,,,,,,,,,,,,,,,,,,,,,,,,,,,,,,,,,,,,
128,2009,송파구,681476,334477,346999,519,95,328,96,-,,,,,,,,,,,,,,,,,,,,,,,,,,,,,,,,,,,,,,,,,,,,,,,,,,,
129,2009,강동구,484745,243001,241744,754,189,404,106,55,,,,,,,,,,,,,,,,,,,,,,,,,,,,,,,,,,,,,,,,,,,,,,,,,,,
130,2010,합계,10312545,5111259,5201286,11120,2006,3460,4923,731,,,,,,,,,,,3504297.0,854606.0,781527.0,788115.0,807836.0,209061.0,47659.0,15493.0,2.7,,,,,,,,,,,,854606.0,468885.0,170339.0,18489.0,83065.0,18490.0,95338.0,404576.0,450030.0,233780.0,235105.0,64801.0,105538.0,7803.0,10686.0,36039.0,47026.0,10509.0,7981.0,51644.0,43694.0
131,2010,종로구,170578,85182,85396,287,79,75,21,112,,,,,,,,,,,57807.0,18156.0,13073.0,11255.0,10832.0,3315.0,849.0,327.0,2.5,,,,,,,,,,,,18156.0,10099.0,1517.0,781.0,2328.0,572.0,2859.0,8901.0,9255.0,5092.0,5007.0,592.0,925.0,275.0,506.0,1043.0,1285.0,352.0,220.0,1547.0,1312.0
132,2010,중구,132822,66879,65943,160,24,29,104,3,,,,,,,,,,,45656.0,13909.0,10957.0,9357.0,8229.0,2426.0,580.0,198.0,2.5,,,,,,,,,,,,13909.0,6411.0,3001.0,289.0,1385.0,646.0,2177.0,6960.0,6949.0,3115.0,3296.0,1240.0,1761.0,128.0,161.0,714.0,671.0,404.0,242.0,1359.0,818.0
133,2010,용산구,244853,119482,125371,461,80,193,188,-,,,,,,,,,,,86470.0,25846.0,21376.0,17988.0,15721.0,4280.0,958.0,301.0,2.5,,,,,,,,,,,,25846.0,13670.0,4609.0,675.0,3008.0,507.0,3377.0,11844.0,14002.0,6215.0,7455.0,1723.0,2886.0,298.0,377.0,1336.0,1672.0,280.0,227.0,1992.0,1385.0
134,2010,성동구,309093,155067,154026,247,38,45,144,20,,,,,,,,,,,107114.0,27041.0,25050.0,23471.0,23512.0,6070.0,1456.0,514.0,2.7,,,,,,,,,,,,27041.0,16230.0,5844.0,310.0,1638.0,572.0,2447.0,13762.0,13279.0,8916.0,7314.0,2264.0,3580.0,140.0,170.0,775.0,863.0,325.0,247.0,1342.0,1105.0
135,2010,광진구,375463,186024,189439,386,59,94,228,5,,,,,,,,,,,133468.0,36411.0,30313.0,28304.0,28981.0,7260.0,1653.0,546.0,2.6,,,,,,,,,,,,36411.0,28265.0,2075.0,581.0,2660.0,943.0,1887.0,17326.0,19085.0,13756.0,14509.0,804.0,1271.0,243.0,338.0,1159.0,1501.0,473.0,470.0,891.0,996.0
136,2010,동대문구,366786,184874,181912,350,46,69,140,95,,,,,,,,,,,128042.0,36897.0,28178.0,26703.0,26278.0,7408.0,1924.0,654.0,2.6,,,,,,,,,,,,36897.0,24889.0,5052.0,593.0,2035.0,806.0,3522.0,18719.0,18178.0,13078.0,11811.0,2025.0,3027.0,265.0,328.0,1055.0,980.0,444.0,362.0,1852.0,1670.0
137,2010,중랑구,427455,214383,213072,552,45,213,293,1,,,,,,,,,,,144951.0,33324.0,33469.0,33753.0,33129.0,8631.0,2034.0,611.0,2.7,,,,,,,,,,,,33324.0,25122.0,4232.0,931.0,1400.0,666.0,973.0,16322.0,17002.0,12719.0,12403.0,1666.0,2566.0,418.0,513.0,628.0,772.0,364.0,302.0,527.0,446.0
138,2010,성북구,488932,241927,247005,439,54,42,321,22,,,,,,,,,,,162896.0,38652.0,36345.0,37098.0,37417.0,10113.0,2458.0,813.0,2.7,,,,,,,,,,,,38652.0,24565.0,6665.0,731.0,3272.0,1014.0,2405.0,17621.0,21031.0,11412.0,13153.0,2778.0,3887.0,328.0,403.0,1417.0,1855.0,496.0,518.0,1190.0,1215.0
139,2010,강북구,346520,172109,174411,470,38,139,293,-,,,,,,,,,,,117072.0,26054.0,28303.0,27893.0,25488.0,6934.0,1807.0,593.0,2.7,,,,,,,,,,,,26054.0,16086.0,3706.0,663.0,3768.0,624.0,1207.0,11415.0,14639.0,7189.0,8897.0,1372.0,2334.0,271.0,392.0,1542.0,2226.0,362.0,262.0,679.0,528.0
140,2010,도봉구,368298,182407,185891,353,64,65,220,4,,,,,,,,,,,118947.0,21233.0,26510.0,29910.0,31272.0,7719.0,1755.0,548.0,2.9,,,,,,,,,,,,21233.0,9293.0,7233.0,645.0,2505.0,255.0,1302.0,9133.0,12100.0,4422.0,4871.0,2531.0,4702.0,273.0,372.0,1035.0,1470.0,143.0,112.0,729.0,573.0
141,2010,노원구,611230,299384,311846,354,65,78,211,-,,,,,,,,,,,197168.0,34290.0,42867.0,48337.0,55483.0,12875.0,2613.0,703.0,2.9,,,,,,,,,,,,34290.0,7977.0,22853.0,553.0,1329.0,364.0,1214.0,13836.0,20454.0,4140.0,3837.0,8030.0,14823.0,231.0,322.0,578.0,751.0,230.0,134.0,627.0,587.0
142,2010,은평구,488109,240536,247573,968,210,396,199,163,,,,,,,,,,,154923.0,29795.0,36053.0,37846.0,37281.0,10368.0,2681.0,899.0,2.8,,,,,,,,,,,,29795.0,14319.0,2997.0,980.0,9185.0,426.0,1888.0,13060.0,16735.0,6363.0,7956.0,1282.0,1715.0,394.0,586.0,3911.0,5274.0,194.0,232.0,916.0,972.0
143,2010,서대문구,324541,158857,165684,446,83,233,130,-,,,,,,,,,,,112701.0,29943.0,25826.0,23951.0,23946.0,6691.0,1748.0,596.0,2.6,,,,,,,,,,,,29943.0,16772.0,4436.0,972.0,4039.0,544.0,3180.0,13055.0,16888.0,7738.0,9034.0,1581.0,2855.0,408.0,564.0,1762.0,2277.0,229.0,315.0,1337.0,1843.0
144,2010,마포구,391865,191034,200831,464,90,102,61,211,,,,,,,,,,,141402.0,41109.0,33534.0,29318.0,27842.0,7323.0,1739.0,537.0,2.5,,,,,,,,,,,,41109.0,20468.0,6846.0,1235.0,4988.0,739.0,6833.0,18475.0,22634.0,9529.0,10939.0,2645.0,4201.0,485.0,750.0,2171.0,2817.0,369.0,370.0,3276.0,3557.0
145,2010,양천구,500001,249024,250977,639,153,243,228,15,,,,,,,,,,,154239.0,25218.0,30440.0,38023.0,46514.0,11108.0,2210.0,726.0,3.0,,,,,,,,,,,,25218.0,12609.0,6252.0,839.0,3422.0,354.0,1742.0,11290.0,13928.0,6178.0,6431.0,2351.0,3901.0,362.0,477.0,1420.0,2002.0,206.0,148.0,773.0,969.0
146,2010,강서구,574127,283248,290879,499,89,78,324,8,,,,,,,,,,,193629.0,41804.0,43145.0,46633.0,46647.0,11965.0,2576.0,859.0,2.8,,,,,,,,,,,,41804.0,15048.0,12891.0,824.0,5367.0,741.0,6933.0,19340.0,22464.0,7573.0,7475.0,5130.0,7761.0,353.0,471.0,2374.0,2993.0,430.0,311.0,3480.0,3453.0
147,2010,구로구,423736,214032,209704,520,92,149,241,38,,,,,,,,,,,142678.0,30156.0,32185.0,34077.0,34362.0,9121.0,2091.0,686.0,2.8,,,,,,,,,,,,30156.0,14252.0,5317.0,1110.0,2239.0,467.0,6771.0,15775.0,14381.0,7773.0,6479.0,2361.0,2956.0,424.0,686.0,1035.0,1204.0,290.0,177.0,3892.0,2879.0
148,2010,금천구,245195,125528,119667,268,42,61,165,-,,,,,,,,,,,86533.0,23274.0,19298.0,18847.0,18689.0,4889.0,1170.0,366.0,2.6,,,,,,,,,,,,23274.0,15052.0,2493.0,659.0,788.0,376.0,3906.0,13034.0,10240.0,8543.0,6509.0,1014.0,1479.0,290.0,369.0,368.0,420.0,255.0,121.0,2564.0,1342.0
149,2010,영등포구,406833,205106,201727,281,59,60,162,-,,,,,,,,,,,138637.0,34158.0,32312.0,31145.0,30647.0,7984.0,1813.0,578.0,2.7,,,,,,,,,,,,34158.0,18153.0,5969.0,393.0,1082.0,692.0,7869.0,17549.0,16609.0,9249.0,8904.0,2378.0,3591.0,166.0,227.0,516.0,566.0,422.0,270.0,4818.0,3051.0
150,2010,동작구,402709,198587,204122,526,81,103,319,23,,,,,,,,,,,145744.0,40256.0,33201.0,30934.0,30440.0,8269.0,2002.0,642.0,2.6,,,,,,,,,,,,40256.0,26343.0,5045.0,735.0,2705.0,1169.0,4259.0,20383.0,19873.0,13578.0,12765.0,1987.0,3058.0,342.0,393.0,1247.0,1458.0,710.0,459.0,2519.0,1740.0
151,2010,관악구,531434,269783,261651,617,121,313,178,5,,,,,,,,,,,217359.0,84423.0,45930.0,38542.0,35910.0,9582.0,2230.0,742.0,2.3,,,,,,,,,,,,84423.0,56278.0,5996.0,1305.0,3082.0,2471.0,15291.0,46540.0,37883.0,31471.0,24807.0,2540.0,3456.0,555.0,750.0,1443.0,1639.0,1608.0,863.0,8923.0,6368.0
152,2010,서초구,434720,210652,224068,213,48,39,126,-,,,,,,,,,,,136840.0,29188.0,29678.0,31999.0,34533.0,8787.0,1952.0,703.0,2.8,,,,,,,,,,,,29188.0,12370.0,9205.0,736.0,2856.0,942.0,3079.0,12682.0,16506.0,5688.0,6682.0,3315.0,5890.0,323.0,413.0,1244.0,1612.0,561.0,381.0,1551.0,1528.0
153,2010,강남구,570095,274303,295792,346,82,82,176,6,,,,,,,,,,,200965.0,59528.0,42772.0,41331.0,43953.0,10670.0,2012.0,699.0,2.6,,,,,,,,,,,,59528.0,27496.0,18317.0,895.0,5558.0,987.0,6275.0,24010.0,35518.0,11658.0,15838.0,6471.0,11846.0,378.0,517.0,2105.0,3453.0,496.0,491.0,2902.0,3373.0
154,2010,송파구,685279,336359,348920,549,65,164,320,-,,,,,,,,,,,219426.0,42222.0,46802.0,52671.0,58910.0,14744.0,3108.0,969.0,2.9,,,,,,,,,,,,42222.0,17750.0,10681.0,639.0,10548.0,924.0,1680.0,18658.0,23564.0,8692.0,9058.0,3952.0,6729.0,278.0,361.0,4385.0,6163.0,498.0,426.0,853.0,827.0
155,2010,강동구,491871,246492,245379,725,199,395,131,-,,,,,,,,,,,159630.0,31719.0,33910.0,38729.0,41820.0,10529.0,2240.0,683.0,2.8,,,,,,,,,,,,31719.0,19368.0,7107.0,415.0,1878.0,689.0,2262.0,14886.0,16833.0,9693.0,9675.0,2769.0,4338.0,175.0,240.0,776.0,1102.0,368.0,321.0,1105.0,1157.0
156,2011,합계,10249679,5073899,5175780,8523,1759,2376,4365,23,,,,,,,,,,,,,,,,,,,,,,,,,,,,,,,,,,,,,,,,,,,,,,,,,,,
157,2011,종로구,168382,83931,84451,181,26,12,143,-,,,,,,,,,,,,,,,,,,,,,,,,,,,,,,,,,,,,,,,,,,,,,,,,,,,
158,2011,중구,133193,67065,66128,128,25,15,88,-,,,,,,,,,,,,,,,,,,,,,,,,,,,,,,,,,,,,,,,,,,,,,,,,,,,
159,2011,용산구,246501,120183,126318,469,61,360,40,8,,,,,,,,,,,,,,,,,,,,,,,,,,,,,,,,,,,,,,,,,,,,,,,,,,,
160,2011,성동구,300711,150655,150056,222,48,30,144,-,,,,,,,,,,,,,,,,,,,,,,,,,,,,,,,,,,,,,,,,,,,,,,,,,,,
161,2011,광진구,371936,184103,187833,312,65,48,199,-,,,,,,,,,,,,,,,,,,,,,,,,,,,,,,,,,,,,,,,,,,,,,,,,,,,
162,2011,동대문구,365486,183925,181561,419,60,126,233,-,,,,,,,,,,,,,,,,,,,,,,,,,,,,,,,,,,,,,,,,,,,,,,,,,,,
163,2011,중랑구,423706,212291,211415,365,54,42,269,-,,,,,,,,,,,,,,,,,,,,,,,,,,,,,,,,,,,,,,,,,,,,,,,,,,,
164,2011,성북구,485171,239726,245445,376,68,50,258,-,,,,,,,,,,,,,,,,,,,,,,,,,,,,,,,,,,,,,,,,,,,,,,,,,,,
165,2011,강북구,345054,170906,174148,317,48,28,241,-,,,,,,,,,,,,,,,,,,,,,,,,,,,,,,,,,,,,,,,,,,,,,,,,,,,
166,2011,도봉구,365573,181004,184569,289,46,43,200,-,,,,,,,,,,,,,,,,,,,,,,,,,,,,,,,,,,,,,,,,,,,,,,,,,,,
167,2011,노원구,603930,295551,308379,308,77,47,184,-,,,,,,,,,,,,,,,,,,,,,,,,,,,,,,,,,,,,,,,,,,,,,,,,,,,
168,2011,은평구,493634,242779,250855,412,78,40,294,-,,,,,,,,,,,,,,,,,,,,,,,,,,,,,,,,,,,,,,,,,,,,,,,,,,,
169,2011,서대문구,314852,154033,160819,273,67,57,149,-,,,,,,,,,,,,,,,,,,,,,,,,,,,,,,,,,,,,,,,,,,,,,,,,,,,
170,2011,마포구,389493,189243,200250,443,80,276,87,-,,,,,,,,,,,,,,,,,,,,,,,,,,,,,,,,,,,,,,,,,,,,,,,,,,,
171,2011,양천구,500210,248927,251283,577,178,212,172,15,,,,,,,,,,,,,,,,,,,,,,,,,,,,,,,,,,,,,,,,,,,,,,,,,,,
172,2011,강서구,569072,280274,288798,397,59,37,301,-,,,,,,,,,,,,,,,,,,,,,,,,,,,,,,,,,,,,,,,,,,,,,,,,,,,
173,2011,구로구,427468,215474,211994,292,38,36,218,-,,,,,,,,,,,,,,,,,,,,,,,,,,,,,,,,,,,,,,,,,,,,,,,,,,,
174,2011,금천구,243438,124665,118773,212,26,9,177,-,,,,,,,,,,,,,,,,,,,,,,,,,,,,,,,,,,,,,,,,,,,,,,,,,,,
175,2011,영등포구,397443,199987,197456,267,57,85,125,-,,,,,,,,,,,,,,,,,,,,,,,,,,,,,,,,,,,,,,,,,,,,,,,,,,,
176,2011,동작구,401408,197672,203736,324,57,32,235,-,,,,,,,,,,,,,,,,,,,,,,,,,,,,,,,,,,,,,,,,,,,,,,,,,,,
177,2011,관악구,526397,267145,259252,550,138,347,65,-,,,,,,,,,,,,,,,,,,,,,,,,,,,,,,,,,,,,,,,,,,,,,,,,,,,
178,2011,서초구,433564,209902,223662,167,47,18,102,-,,,,,,,,,,,,,,,,,,,,,,,,,,,,,,,,,,,,,,,,,,,,,,,,,,,
179,2011,강남구,565710,271991,293719,222,52,33,137,-,,,,,,,,,,,,,,,,,,,,,,,,,,,,,,,,,,,,,,,,,,,,,,,,,,,
180,2011,송파구,682209,334494,347715,363,82,53,228,-,,,,,,,,,,,,,,,,,,,,,,,,,,,,,,,,,,,,,,,,,,,,,,,,,,,
181,2011,강동구,495138,247973,247165,638,222,340,76,-,,,,,,,,,,,,,,,,,,,,,,,,,,,,,,,,,,,,,,,,,,,,,,,,,,,
182,2012,합계,10195318,5041336,5153982,7860,1762,2327,3310,461,,,,,,,,,,,,,,,,,,,,,,,,,,,,,,,,,,,,,,,,,,,,,,,,,,,
183,2012,종로구,165207,82274,82933,129,17,31,77,4,,,,,,,,,,,,,,,,,,,,,,,,,,,,,,,,,,,,,,,,,,,,,,,,,,,
184,2012,중구,133360,67043,66317,97,17,9,71,-,,,,,,,,,,,,,,,,,,,,,,,,,,,,,,,,,,,,,,,,,,,,,,,,,,,
185,2012,용산구,243232,118461,124771,461,115,323,12,11,,,,,,,,,,,,,,,,,,,,,,,,,,,,,,,,,,,,,,,,,,,,,,,,,,,
186,2012,성동구,299604,149832,149772,206,33,30,127,16,,,,,,,,,,,,,,,,,,,,,,,,,,,,,,,,,,,,,,,,,,,,,,,,,,,
187,2012,광진구,371313,183528,187785,307,77,68,138,24,,,,,,,,,,,,,,,,,,,,,,,,,,,,,,,,,,,,,,,,,,,,,,,,,,,
188,2012,동대문구,363258,182661,180597,341,56,76,205,4,,,,,,,,,,,,,,,,,,,,,,,,,,,,,,,,,,,,,,,,,,,,,,,,,,,
189,2012,중랑구,419295,210043,209252,392,74,72,230,16,,,,,,,,,,,,,,,,,,,,,,,,,,,,,,,,,,,,,,,,,,,,,,,,,,,
190,2012,성북구,481857,237474,244383,349,66,49,218,16,,,,,,,,,,,,,,,,,,,,,,,,,,,,,,,,,,,,,,,,,,,,,,,,,,,
191,2012,강북구,343157,169866,173291,365,56,69,225,15,,,,,,,,,,,,,,,,,,,,,,,,,,,,,,,,,,,,,,,,,,,,,,,,,,,
192,2012,도봉구,362270,179194,183076,258,56,53,148,1,,,,,,,,,,,,,,,,,,,,,,,,,,,,,,,,,,,,,,,,,,,,,,,,,,,
193,2012,노원구,597189,292081,305108,265,59,46,153,7,,,,,,,,,,,,,,,,,,,,,,,,,,,,,,,,,,,,,,,,,,,,,,,,,,,
194,2012,은평구,501480,246318,255162,406,91,53,262,-,,,,,,,,,,,,,,,,,,,,,,,,,,,,,,,,,,,,,,,,,,,,,,,,,,,
195,2012,서대문구,315113,154017,161096,258,47,99,98,14,,,,,,,,,,,,,,,,,,,,,,,,,,,,,,,,,,,,,,,,,,,,,,,,,,,
196,2012,마포구,384644,186452,198192,403,103,123,47,130,,,,,,,,,,,,,,,,,,,,,,,,,,,,,,,,,,,,,,,,,,,,,,,,,,,
197,2012,양천구,495911,246637,249274,541,175,213,122,31,,,,,,,,,,,,,,,,,,,,,,,,,,,,,,,,,,,,,,,,,,,,,,,,,,,
198,2012,강서구,567431,278969,288462,385,74,94,217,-,,,,,,,,,,,,,,,,,,,,,,,,,,,,,,,,,,,,,,,,,,,,,,,,,,,
199,2012,구로구,427520,214982,212538,247,48,40,146,13,,,,,,,,,,,,,,,,,,,,,,,,,,,,,,,,,,,,,,,,,,,,,,,,,,,
200,2012,금천구,243288,124675,118613,266,40,110,116,-,,,,,,,,,,,,,,,,,,,,,,,,,,,,,,,,,,,,,,,,,,,,,,,,,,,
201,2012,영등포구,391408,196765,194643,239,34,55,126,24,,,,,,,,,,,,,,,,,,,,,,,,,,,,,,,,,,,,,,,,,,,,,,,,,,,
202,2012,동작구,405491,199454,206037,288,85,89,114,-,,,,,,,,,,,,,,,,,,,,,,,,,,,,,,,,,,,,,,,,,,,,,,,,,,,
203,2012,관악구,523029,265281,257748,505,128,282,57,38,,,,,,,,,,,,,,,,,,,,,,,,,,,,,,,,,,,,,,,,,,,,,,,,,,,
204,2012,서초구,435044,210440,224604,171,37,31,93,10,,,,,,,,,,,,,,,,,,,,,,,,,,,,,,,,,,,,,,,,,,,,,,,,,,,
205,2012,강남구,564197,270970,293227,248,58,56,122,12,,,,,,,,,,,,,,,,,,,,,,,,,,,,,,,,,,,,,,,,,,,,,,,,,,,
206,2012,송파구,673115,329747,343368,300,72,67,130,31,,,,,,,,,,,,,,,,,,,,,,,,,,,,,,,,,,,,,,,,,,,,,,,,,,,
207,2012,강동구,487905,244172,243733,433,144,189,56,44,,,,,,,,,,,,,,,,,,,,,,,,,,,,,,,,,,,,,,,,,,,,,,,,,,,
208,2013,합계,10143645,5007869,5135776,7803,2007,1660,3690,446,,,,,,,,,,,,,,,,,,,,4182351.0,1510202.0,810516.0,780698.0,822832.0,200130.0,44057.0,9977.0,2583.0,805.0,551.0,,,,,,,,,,,,,,,,,,,,,
209,2013,종로구,160070,79519,80551,141,28,15,58,40,,,,,,,,,,,,,,,,,,,,73693.0,34259.0,13213.0,11146.0,10932.0,3123.0,755.0,197.0,40.0,14.0,14.0,,,,,,,,,,,,,,,,,,,,,
210,2013,중구,130465,65371,65094,149,31,9,77,32,,,,,,,,,,,,,,,,,,,,60600.0,27959.0,11709.0,9385.0,8515.0,2287.0,548.0,137.0,33.0,10.0,17.0,,,,,,,,,,,,,,,,,,,,,
211,2013,용산구,239740,116491,123249,427,142,242,43,-,,,,,,,,,,,,,,,,,,,,109361.0,48569.0,21093.0,17772.0,16371.0,4208.0,984.0,244.0,82.0,20.0,18.0,,,,,,,,,,,,,,,,,,,,,
212,2013,성동구,299337,149304,150033,196,39,27,125,5,,,,,,,,,,,,,,,,,,,,126447.0,47609.0,25016.0,23452.0,22951.0,5613.0,1370.0,316.0,87.0,27.0,6.0,,,,,,,,,,,,,,,,,,,,,
213,2013,광진구,368927,181864,187063,274,93,37,140,4,,,,,,,,,,,,,,,,,,,,159173.0,63947.0,29791.0,27517.0,29302.0,6697.0,1465.0,321.0,98.0,22.0,13.0,,,,,,,,,,,,,,,,,,,,,
214,2013,동대문구,364273,182987,181286,327,72,38,131,86,,,,,,,,,,,,,,,,,,,,159256.0,65746.0,30360.0,27139.0,26733.0,6963.0,1771.0,394.0,111.0,24.0,15.0,,,,,,,,,,,,,,,,,,,,,
215,2013,중랑구,416798,208641,208157,327,74,46,178,29,,,,,,,,,,,,,,,,,,,,174938.0,64099.0,35544.0,33038.0,32022.0,8040.0,1696.0,368.0,83.0,35.0,13.0,,,,,,,,,,,,,,,,,,,,,
216,2013,성북구,476589,234573,242016,356,70,39,241,6,,,,,,,,,,,,,,,,,,,,196693.0,71297.0,38149.0,37123.0,37755.0,9416.0,2252.0,519.0,117.0,33.0,32.0,,,,,,,,,,,,,,,,,,,,,
217,2013,강북구,338707,167342,171365,400,77,40,250,33,,,,,,,,,,,,,,,,,,,,141246.0,49819.0,30550.0,27411.0,24985.0,6528.0,1428.0,376.0,97.0,35.0,17.0,,,,,,,,,,,,,,,,,,,,,
218,2013,도봉구,358582,177153,181429,272,73,28,169,2,,,,,,,,,,,,,,,,,,,,137714.0,39580.0,28352.0,29518.0,30617.0,7396.0,1727.0,389.0,97.0,25.0,13.0,,,,,,,,,,,,,,,,,,,,,
219,2013,노원구,590479,288435,302044,305,61,34,204,6,,,,,,,,,,,,,,,,,,,,222132.0,60870.0,44202.0,46844.0,54923.0,12318.0,2283.0,509.0,129.0,32.0,22.0,,,,,,,,,,,,,,,,,,,,,
220,2013,은평구,503660,246858,256802,438,111,41,280,6,,,,,,,,,,,,,,,,,,,,202487.0,67044.0,42388.0,40182.0,39495.0,10265.0,2418.0,507.0,114.0,35.0,39.0,,,,,,,,,,,,,,,,,,,,,
221,2013,서대문구,314110,153315,160795,300,64,39,100,97,,,,,,,,,,,,,,,,,,,,135272.0,53553.0,26679.0,23812.0,23499.0,5868.0,1433.0,310.0,78.0,22.0,18.0,,,,,,,,,,,,,,,,,,,,,
222,2013,마포구,381856,184774,197082,364,112,141,52,59,,,,,,,,,,,,,,,,,,,,166780.0,67846.0,33039.0,28475.0,28278.0,7031.0,1586.0,369.0,91.0,38.0,27.0,,,,,,,,,,,,,,,,,,,,,
223,2013,양천구,492528,244742,247786,460,169,122,166,3,,,,,,,,,,,,,,,,,,,,180443.0,48050.0,32644.0,37716.0,48066.0,11100.0,2206.0,458.0,143.0,36.0,24.0,,,,,,,,,,,,,,,,,,,,,
224,2013,강서구,569070,279207,289863,371,94,47,228,2,,,,,,,,,,,,,,,,,,,,226607.0,72502.0,46384.0,46021.0,47144.0,11456.0,2383.0,526.0,120.0,43.0,28.0,,,,,,,,,,,,,,,,,,,,,
225,2013,구로구,424964,213251,211713,294,49,40,190,15,,,,,,,,,,,,,,,,,,,,171419.0,57763.0,34550.0,33320.0,34573.0,8609.0,1987.0,453.0,103.0,38.0,23.0,,,,,,,,,,,,,,,,,,,,,
226,2013,금천구,241020,123462,117558,279,68,68,143,-,,,,,,,,,,,,,,,,,,,,104179.0,41617.0,20167.0,18306.0,18230.0,4507.0,1039.0,235.0,46.0,17.0,15.0,,,,,,,,,,,,,,,,,,,,,
227,2013,영등포구,386471,193880,192591,214,43,37,134,-,,,,,,,,,,,,,,,,,,,,167761.0,68081.0,31898.0,29033.0,29591.0,6988.0,1639.0,383.0,96.0,32.0,20.0,,,,,,,,,,,,,,,,,,,,,
228,2013,동작구,410815,202144,208671,306,94,71,141,-,,,,,,,,,,,,,,,,,,,,172700.0,64316.0,34603.0,31494.0,32007.0,7904.0,1798.0,414.0,108.0,32.0,24.0,,,,,,,,,,,,,,,,,,,,,
229,2013,관악구,518028,262248,255780,528,141,339,48,-,,,,,,,,,,,,,,,,,,,,248006.0,120524.0,45306.0,36697.0,34308.0,8601.0,1908.0,486.0,106.0,43.0,27.0,,,,,,,,,,,,,,,,,,,,,
230,2013,서초구,441763,213285,228478,208,62,29,113,4,,,,,,,,,,,,,,,,,,,,170594.0,53595.0,31219.0,33790.0,39712.0,9477.0,2031.0,531.0,162.0,51.0,26.0,,,,,,,,,,,,,,,,,,,,,
231,2013,강남구,563599,270601,292998,197,65,29,102,1,,,,,,,,,,,,,,,,,,,,230645.0,84800.0,41272.0,41374.0,48859.0,11202.0,2337.0,542.0,153.0,63.0,43.0,,,,,,,,,,,,,,,,,,,,,
232,2013,송파구,668415,326919,341496,336,84,44,197,11,,,,,,,,,,,,,,,,,,,,257441.0,79180.0,47191.0,52065.0,61307.0,14131.0,2776.0,569.0,148.0,45.0,29.0,,,,,,,,,,,,,,,,,,,,,
233,2013,강동구,483379,241503,241876,334,91,58,180,5,,,,,,,,,,,,,,,,,,,,186764.0,57577.0,35197.0,38068.0,42657.0,10402.0,2237.0,424.0,141.0,33.0,28.0,,,,,,,,,,,,,,,,,,,,,
234,2014,합계,10103233,4979768,5123465,6644,2144,1703,2797,-,,,,,,,,,,,,,,,,,,,,4194176.0,1526038.0,825915.0,783470.0,806997.0,194491.0,42975.0,10198.0,2656.0,846.0,590.0,,,,,,,,,,,,,,,,,,,,,
235,2014,종로구,156993,77621,79372,150,40,28,82,-,종로구,22.2,77.8,11.5,34.5,54.9,0.9,4.4,13.3,-,,,,,,,,,,73101.0,34445.0,13223.0,10992.0,10472.0,2980.0,732.0,181.0,46.0,21.0,9.0,,,,,,,,,,,,,,,,,,,,,
236,2014,중구,128065,64033,64032,106,27,21,58,-,중구,13.6,86.4,30.6,16.1,43.5,8.1,3.2,-,-,,,,,,,,,,59960.0,27943.0,11665.0,9211.0,8244.0,2180.0,522.0,137.0,35.0,5.0,18.0,,,,,,,,,,,,,,,,,,,,,
237,2014,용산구,235951,114578,121373,330,141,156,33,-,용산구,19.3,80.7,8.3,32.5,50,-,0.8,15,-,,,,,,,,,,108429.0,48619.0,21132.0,17520.0,15718.0,4105.0,964.0,245.0,78.0,21.0,27.0,,,,,,,,,,,,,,,,,,,,,
238,2014,성동구,296086,147363,148723,168,46,33,89,-,성동구,22.9,77.1,33.5,16.1,46,3.7,3.1,3.7,0.6,,,,,,,,,,125814.0,47627.0,25233.0,23382.0,22458.0,5351.0,1304.0,335.0,87.0,23.0,14.0,,,,,,,,,,,,,,,,,,,,,
239,2014,광진구,363354,178738,184616,227,87,49,91,-,광진구,10.6,89.4,24.7,35.3,38.8,1.2,1.2,-,-,,,,,,,,,,158524.0,64665.0,30005.0,27457.0,28160.0,6365.0,1432.0,325.0,83.0,17.0,15.0,,,,,,,,,,,,,,,,,,,,,
240,2014,동대문구,363687,182510,181177,287,77,58,152,-,동대문구,19,81,26.2,13.4,58.4,-,3.4,2.7,-,,,,,,,,,,159880.0,66419.0,30768.0,27225.0,26365.0,6844.0,1678.0,426.0,103.0,37.0,15.0,,,,,,,,,,,,,,,,,,,,,
241,2014,중랑구,418836,209323,209513,366,115,61,190,-,중랑구,21.3,78.7,23.1,20.3,50.5,1.1,1.6,7.7,-,,,,,,,,,,176714.0,64831.0,36694.0,33496.0,31568.0,7928.0,1689.0,379.0,88.0,25.0,16.0,,,,,,,,,,,,,,,,,,,,,
242,2014,성북구,466706,229205,237501,293,79,59,155,-,성북구,19.8,80.2,19.7,23.1,43.4,2.3,4.6,13.9,-,,,,,,,,,,193359.0,70169.0,38193.0,36511.0,36542.0,9104.0,2105.0,546.0,124.0,27.0,38.0,,,,,,,,,,,,,,,,,,,,,
243,2014,강북구,335025,165223,169802,307,93,53,161,-,강북구,18.8,81.3,87.9,9.2,7.1,-,0.7,1.4,-,,,,,,,,,,141246.0,50620.0,31131.0,27147.0,24220.0,6192.0,1420.0,366.0,99.0,35.0,16.0,,,,,,,,,,,,,,,,,,,,,
244,2014,도봉구,353709,174554,179155,273,96,43,134,-,도봉구,17.7,82.3,19.4,14.2,51.5,6,4.5,5.2,-,,,,,,,,,,136977.0,39638.0,29043.0,29330.0,29680.0,7214.0,1556.0,382.0,98.0,24.0,12.0,,,,,,,,,,,,,,,,,,,,,
245,2014,노원구,582552,284225,298327,209,48,45,116,-,노원구,14.6,85.4,21.6,21.6,48.2,0.7,2.2,12.2,-,,,,,,,,,,221107.0,61450.0,44864.0,46835.0,53385.0,11640.0,2247.0,487.0,142.0,39.0,18.0,,,,,,,,,,,,,,,,,,,,,
246,2014,은평구,498644,243977,254667,400,123,56,221,-,은평구,17,83,7.8,17.6,49,-,3.3,25.5,0.7,,,,,,,,,,202187.0,67962.0,42731.0,39969.0,38577.0,9927.0,2304.0,520.0,124.0,38.0,35.0,,,,,,,,,,,,,,,,,,,,,
247,2014,서대문구,310376,151338,159038,237,69,41,127,-,서대문구,21.4,78.6,35,17.2,42.7,2.5,0.6,8.3,-,,,,,,,,,,134780.0,53917.0,26944.0,23595.0,22857.0,5670.0,1363.0,300.0,89.0,23.0,22.0,,,,,,,,,,,,,,,,,,,,,
248,2014,마포구,385439,186177,199262,347,141,149,57,-,마포구,25.2,74.8,31,14.8,45.3,2,4.4,9.4,-,,,,,,,,,,169492.0,69385.0,33888.0,29077.0,28225.0,6826.0,1544.0,380.0,109.0,29.0,29.0,,,,,,,,,,,,,,,,,,,,,
249,2014,양천구,486221,241020,245201,386,136,160,90,-,양천구,11.7,88.3,37.8,23.5,24.5,-,15.3,3.1,-,,,,,,,,,,179069.0,47685.0,33256.0,38024.0,46501.0,10777.0,2143.0,487.0,131.0,41.0,24.0,,,,,,,,,,,,,,,,,,,,,
250,2014,강서구,585160,286644,298516,321,98,61,162,-,강서구,10.8,89.2,29.8,26,37.5,4.8,4.8,2.9,-,,,,,,,,,,234378.0,75256.0,49013.0,47595.0,47984.0,11405.0,2362.0,537.0,137.0,56.0,33.0,,,,,,,,,,,,,,,,,,,,,
251,2014,구로구,425831,213213,212618,225,50,46,129,-,구로구,19.4,80.6,16.4,28.3,49.7,1.3,4.4,5,-,,,,,,,,,,172594.0,58430.0,35323.0,33576.0,34077.0,8610.0,1944.0,460.0,121.0,28.0,25.0,,,,,,,,,,,,,,,,,,,,,
252,2014,금천구,238463,121878,116585,169,44,28,97,-,금천구,13.6,86.4,9.2,21.8,56.3,5.7,5.7,5.7,-,,,,,,,,,,103940.0,41836.0,20677.0,18161.0,17531.0,4390.0,1013.0,239.0,54.0,22.0,17.0,,,,,,,,,,,,,,,,,,,,,
253,2014,영등포구,382352,191464,190888,157,39,28,90,-,영등포구,20,80,7.5,12.5,58.1,1.3,3.8,19.4,-,,,,,,,,,,168100.0,69450.0,32375.0,28963.0,28580.0,6649.0,1560.0,378.0,82.0,34.0,29.0,,,,,,,,,,,,,,,,,,,,,
254,2014,동작구,407470,200328,207142,314,126,78,110,-,동작구,23.6,76.4,15.7,22.8,52.3,1,5.6,8.1,-,,,,,,,,,,172389.0,64814.0,34690.0,31510.0,31446.0,7649.0,1697.0,401.0,121.0,38.0,23.0,,,,,,,,,,,,,,,,,,,,,
255,2014,관악구,513186,259631,253555,476,161,299,16,-,관악구,11.5,88.5,41.2,21.9,32.5,1.8,3.5,1.8,-,,,,,,,,,,248180.0,121776.0,46132.0,36316.0,33236.0,8191.0,1871.0,482.0,105.0,46.0,25.0,,,,,,,,,,,,,,,,,,,,,
256,2014,서초구,449678,216740,232938,143,48,18,77,-,서초구,35,65,28.6,21.3,39.7,2.8,3.5,8.4,-,,,,,,,,,,173469.0,53965.0,32319.0,34658.0,39970.0,9558.0,2163.0,585.0,152.0,64.0,35.0,,,,,,,,,,,,,,,,,,,,,
257,2014,강남구,578114,277267,300847,173,60,35,78,-,강남구,27.4,72.6,94.9,10.1,3.5,0.4,1.6,0.4,-,,,,,,,,,,237375.0,87790.0,42690.0,42627.0,49585.0,11361.0,2448.0,593.0,172.0,70.0,39.0,,,,,,,,,,,,,,,,,,,,,
258,2014,송파구,664738,324902,339836,271,90,44,137,-,송파구,20.1,79.9,21.9,23.4,44.8,3.5,6.5,4.5,-,,,,,,,,,,257207.0,79365.0,48046.0,52291.0,60161.0,13728.0,2781.0,601.0,162.0,40.0,32.0,,,,,,,,,,,,,,,,,,,,,
259,2014,강동구,476597,237816,238781,309,110,54,145,-,강동구,28.2,71.8,98.8,3.3,0.4,-,0.4,-,-,,,,,,,,,,185905.0,57981.0,35880.0,38002.0,41455.0,9847.0,2133.0,426.0,114.0,43.0,24.0,,,,,,,,,,,,,,,,,,,,,
260,2015,합계,10022181,4930943,5091238,6060,2193,1453,2358,56,,,,,,,,,,,3784490.0,1115744.0,930467.0,817440.0,701945.0,169436.0,38547.0,10911.0,2.5,4189948.0,1539462.0,836335.0,781663.0,785821.0,189641.0,42450.0,10227.0,2834.0,905.0,610.0,1115744.0,521776.0,237913.0,17387.0,161031.0,44470.0,133167.0,544059.0,571685.0,268511.0,253265.0,95388.0,142525.0,7277.0,10110.0,73732.0,87299.0,25270.0,19200.0,73881.0,59286.0
261,2015,종로구,154986,76548,78438,159,54,15,89,1,종로구,…,…,…,…,…,…,…,…,…,61580.0,22776.0,15314.0,11272.0,8840.0,2535.0,628.0,215.0,2.3,72645.0,34532.0,13206.0,10874.0,10196.0,2860.0,690.0,193.0,50.0,31.0,13.0,22776.0,11170.0,2876.0,812.0,3212.0,1010.0,3696.0,11608.0,11168.0,5796.0,5374.0,1355.0,1521.0,295.0,517.0,1402.0,1810.0,555.0,455.0,2205.0,1491.0
262,2015,중구,125733,62687,63046,82,19,18,45,-,중구,…,…,…,…,…,…,…,…,…,51205.0,19161.0,13157.0,9392.0,6987.0,1879.0,483.0,146.0,2.2,59321.0,27815.0,11754.0,9077.0,7876.0,2094.0,514.0,128.0,38.0,9.0,16.0,19161.0,6902.0,5467.0,300.0,1906.0,778.0,3808.0,9934.0,9227.0,3535.0,3367.0,2472.0,2995.0,140.0,160.0,959.0,947.0,453.0,325.0,2375.0,1433.0
263,2015,용산구,233342,113177,120165,287,145,119,23,25,용산구,…,…,…,…,…,…,…,…,…,90313.0,31025.0,23776.0,17826.0,13222.0,3436.0,788.0,240.0,2.3,107512.0,48316.0,21144.0,17344.0,15320.0,4028.0,974.0,245.0,96.0,23.0,22.0,31025.0,16323.0,6005.0,673.0,4255.0,614.0,3155.0,14556.0,16469.0,7831.0,8492.0,2414.0,3591.0,265.0,408.0,1908.0,2347.0,284.0,330.0,1854.0,1301.0
264,2015,성동구,297003,147570,149433,158,43,28,86,1,성동구,…,…,…,…,…,…,…,…,…,114719.0,35259.0,28415.0,24622.0,20125.0,4748.0,1220.0,330.0,2.4,126714.0,48089.0,25617.0,23768.0,22267.0,5229.0,1278.0,332.0,93.0,28.0,13.0,35259.0,18064.0,9168.0,234.0,2387.0,1616.0,3790.0,18401.0,16858.0,10188.0,7876.0,3757.0,5411.0,91.0,143.0,1180.0,1207.0,914.0,702.0,2271.0,1519.0
265,2015,광진구,360369,176884,183485,240,104,47,83,6,광진구,…,…,…,…,…,…,…,…,…,147718.0,54210.0,33112.0,28603.0,24511.0,5595.0,1284.0,403.0,2.3,158353.0,65138.0,30414.0,27375.0,27389.0,6173.0,1400.0,328.0,91.0,26.0,19.0,54210.0,35001.0,3203.0,551.0,7073.0,2944.0,5438.0,27186.0,27024.0,17687.0,17314.0,1367.0,1836.0,192.0,359.0,3229.0,3844.0,1697.0,1247.0,3014.0,2424.0
266,2015,동대문구,360153,180485,179668,249,83,53,109,4,동대문구,…,…,…,…,…,…,…,…,…,146677.0,52884.0,34156.0,28136.0,23382.0,6029.0,1615.0,475.0,2.3,159941.0,67641.0,30892.0,26922.0,25541.0,6667.0,1716.0,407.0,105.0,37.0,13.0,52884.0,29835.0,8785.0,566.0,4188.0,2514.0,6996.0,27587.0,25297.0,15949.0,13886.0,3713.0,5072.0,261.0,305.0,2104.0,2084.0,1437.0,1077.0,4123.0,2873.0
267,2015,중랑구,413909,206505,207404,290,116,39,131,4,중랑구,…,…,…,…,…,…,…,…,…,157537.0,45138.0,40248.0,34528.0,28363.0,7145.0,1680.0,435.0,2.5,176390.0,65501.0,37303.0,33352.0,30540.0,7573.0,1639.0,348.0,94.0,26.0,14.0,45138.0,29063.0,6587.0,827.0,4529.0,1642.0,2490.0,23317.0,21821.0,15527.0,13536.0,2628.0,3959.0,383.0,444.0,2165.0,2364.0,1040.0,602.0,1574.0,916.0
268,2015,성북구,459275,224980,234295,280,84,43,150,3,성북구,…,…,…,…,…,…,…,…,…,174257.0,52005.0,41763.0,37428.0,32357.0,8118.0,2009.0,577.0,2.5,190973.0,69679.0,38118.0,35907.0,35512.0,8907.0,2087.0,554.0,134.0,36.0,39.0,52005.0,29345.0,9614.0,1229.0,6182.0,2543.0,3092.0,24024.0,27981.0,14143.0,15202.0,3809.0,5805.0,564.0,665.0,2735.0,3447.0,1261.0,1282.0,1512.0,1580.0
269,2015,강북구,330873,162967,167906,307,97,56,151,3,강북구,…,…,…,…,…,…,…,…,…,125666.0,35787.0,33501.0,27585.0,21533.0,5501.0,1332.0,427.0,2.5,141088.0,51428.0,31552.0,26956.0,23362.0,5938.0,1365.0,337.0,94.0,35.0,21.0,35787.0,19349.0,5343.0,749.0,7046.0,852.0,2448.0,16600.0,19187.0,9380.0,9969.0,2002.0,3341.0,295.0,454.0,3046.0,4000.0,467.0,385.0,1410.0,1038.0
270,2015,도봉구,351242,173029,178213,238,78,36,121,3,도봉구,…,…,…,…,…,…,…,…,…,124981.0,27348.0,33003.0,30482.0,26199.0,6138.0,1401.0,410.0,2.7,136903.0,39677.0,29971.0,29344.0,28880.0,6915.0,1584.0,385.0,109.0,25.0,13.0,27348.0,11756.0,8498.0,558.0,4482.0,511.0,1543.0,12315.0,15033.0,5840.0,5916.0,3052.0,5446.0,232.0,326.0,2072.0,2410.0,273.0,238.0,846.0,697.0
271,2015,노원구,574583,279987,294596,243,72,47,121,3,노원구,…,…,…,…,…,…,…,…,…,204836.0,46129.0,49939.0,49483.0,46752.0,10096.0,1950.0,487.0,2.7,219768.0,61943.0,45333.0,46466.0,51890.0,11267.0,2189.0,474.0,147.0,34.0,25.0,46129.0,11384.0,26805.0,492.0,3645.0,1152.0,2651.0,20078.0,26051.0,6141.0,5243.0,9449.0,17356.0,218.0,274.0,1833.0,1812.0,716.0,436.0,1721.0,930.0
272,2015,은평구,497920,242975,254945,348,96,69,181,2,은평구,…,…,…,…,…,…,…,…,…,179752.0,43936.0,48337.0,41330.0,34509.0,8975.0,2087.0,578.0,2.6,203410.0,68901.0,43806.0,40234.0,37780.0,9705.0,2249.0,526.0,144.0,37.0,28.0,43936.0,18030.0,6442.0,881.0,12885.0,1205.0,4493.0,20042.0,23894.0,8461.0,9569.0,2609.0,3833.0,334.0,547.0,5665.0,7220.0,672.0,533.0,2301.0,2192.0
273,2015,서대문구,312141,152008,160133,213,77,34,102,-,서대문구,…,…,…,…,…,…,…,…,…,121034.0,40160.0,29851.0,24236.0,20088.0,5073.0,1242.0,384.0,2.4,135770.0,54191.0,27464.0,23950.0,22731.0,5612.0,1367.0,337.0,81.0,20.0,17.0,40160.0,20573.0,6991.0,1004.0,6563.0,1524.0,3505.0,18156.0,22004.0,9632.0,10941.0,2745.0,4246.0,414.0,590.0,2910.0,3653.0,794.0,730.0,1661.0,1844.0
274,2015,마포구,387643,186495,201148,268,130,94,34,10,마포구,…,…,…,…,…,…,…,…,…,154981.0,52437.0,38851.0,30747.0,25100.0,6117.0,1357.0,372.0,2.4,171480.0,70534.0,34732.0,29555.0,27885.0,6751.0,1481.0,366.0,108.0,38.0,30.0,52437.0,22274.0,10128.0,612.0,10731.0,1807.0,6885.0,23877.0,28560.0,10747.0,11527.0,4067.0,6061.0,246.0,366.0,4684.0,6047.0,921.0,886.0,3212.0,3673.0
275,2015,양천구,484532,239995,244537,344,152,107,85,1,양천구,…,…,…,…,…,…,…,…,…,163823.0,32832.0,38206.0,41332.0,39905.0,9160.0,1889.0,499.0,2.8,179512.0,48053.0,34202.0,38406.0,45451.0,10542.0,2131.0,511.0,133.0,50.0,33.0,32832.0,14061.0,8257.0,634.0,6782.0,561.0,2537.0,15737.0,17095.0,7449.0,6612.0,3216.0,5041.0,264.0,370.0,3111.0,3671.0,305.0,256.0,1392.0,1145.0
276,2015,강서구,589074,287947,301127,285,99,51,130,5,강서구,…,…,…,…,…,…,…,…,…,217636.0,56990.0,55553.0,50022.0,42244.0,10129.0,2117.0,581.0,2.5,238952.0,78733.0,50528.0,48278.0,47079.0,11241.0,2321.0,548.0,140.0,53.0,31.0,56990.0,16795.0,18507.0,764.0,10144.0,1074.0,9706.0,26767.0,30223.0,8681.0,8114.0,7685.0,10822.0,310.0,454.0,4768.0,5376.0,633.0,441.0,4690.0,5016.0
277,2015,구로구,422092,210440,211652,193,35,39,116,3,구로구,…,…,…,…,…,…,…,…,…,156528.0,40988.0,39731.0,35289.0,30641.0,7547.0,1840.0,492.0,2.6,172321.0,58833.0,35925.0,33513.0,33142.0,8348.0,1938.0,437.0,126.0,38.0,21.0,40988.0,15739.0,9137.0,1046.0,4122.0,923.0,10021.0,21088.0,19900.0,8542.0,7197.0,4014.0,5123.0,443.0,603.0,1996.0,2126.0,567.0,356.0,5526.0,4495.0
278,2015,금천구,236284,120604,115680,139,44,27,67,1,금천구,…,…,…,…,…,…,…,…,…,93443.0,31219.0,22485.0,19099.0,15649.0,3816.0,904.0,271.0,2.4,103847.0,42169.0,21039.0,18085.0,17007.0,4210.0,991.0,232.0,67.0,31.0,16.0,31219.0,16334.0,4334.0,593.0,2898.0,755.0,6305.0,17699.0,13520.0,9254.0,7080.0,2041.0,2293.0,259.0,334.0,1440.0,1458.0,516.0,239.0,4189.0,2116.0
279,2015,영등포구,378504,189394,189110,159,45,34,78,2,영등포구,…,…,…,…,…,…,…,…,…,147745.0,48433.0,36647.0,30391.0,24698.0,5811.0,1369.0,396.0,2.4,167863.0,70173.0,32581.0,28987.0,27586.0,6526.0,1465.0,401.0,78.0,38.0,28.0,48433.0,21468.0,10358.0,322.0,3363.0,1316.0,11606.0,24963.0,23470.0,11316.0,10152.0,4494.0,5864.0,151.0,171.0,1747.0,1616.0,762.0,554.0,6493.0,5113.0
280,2015,동작구,400641,196463,204178,258,138,40,80,3,동작구,…,…,…,…,…,…,…,…,…,161000.0,53954.0,38290.0,32701.0,27457.0,6660.0,1525.0,413.0,2.4,170495.0,64763.0,34431.0,31153.0,30452.0,7436.0,1681.0,403.0,113.0,42.0,21.0,53954.0,30137.0,8258.0,785.0,7155.0,2106.0,5513.0,27184.0,26770.0,15640.0,14497.0,3330.0,4928.0,355.0,430.0,3304.0,3851.0,1151.0,955.0,3404.0,2109.0
281,2015,관악구,509663,257491,252172,519,203,297,19,-,관악구,…,…,…,…,…,…,…,…,…,228636.0,100302.0,51894.0,37713.0,29232.0,7290.0,1709.0,496.0,2.1,249191.0,124162.0,46358.0,36029.0,32167.0,7981.0,1837.0,462.0,118.0,43.0,34.0,100302.0,58278.0,10387.0,1011.0,9284.0,8990.0,12352.0,54471.0,45831.0,33007.0,25271.0,4478.0,5909.0,470.0,541.0,4594.0,4690.0,5430.0,3560.0,6492.0,5860.0
282,2015,서초구,446764,214737,232027,129,46,33,50,-,서초구,…,…,…,…,…,…,…,…,…,154031.0,37496.0,37093.0,35934.0,32829.0,8255.0,1828.0,596.0,2.6,173007.0,54370.0,32421.0,34497.0,39070.0,9552.0,2254.0,594.0,159.0,55.0,35.0,37496.0,13579.0,10955.0,693.0,6253.0,1772.0,4244.0,17019.0,20477.0,6280.0,7299.0,4335.0,6620.0,291.0,402.0,2821.0,3432.0,916.0,856.0,2376.0,1868.0
283,2015,강남구,576495,276425,300070,157,54,28,74,1,강남구,…,…,…,…,…,…,…,…,…,211357.0,61897.0,51614.0,45477.0,40514.0,9322.0,1974.0,559.0,2.5,237373.0,88365.0,42696.0,42787.0,48805.0,11317.0,2489.0,609.0,183.0,77.0,45.0,61897.0,19639.0,21786.0,1086.0,9731.0,2276.0,7379.0,26483.0,35414.0,8674.0,10965.0,8586.0,13200.0,410.0,676.0,3936.0,5795.0,1128.0,1148.0,3749.0,3630.0
284,2015,송파구,660302,322441,337861,237,84,45,106,2,송파구,…,…,…,…,…,…,…,…,…,230941.0,53481.0,55654.0,55334.0,51635.0,11717.0,2449.0,671.0,2.7,256611.0,79291.0,49143.0,52262.0,58868.0,13370.0,2759.0,639.0,208.0,34.0,37.0,53481.0,17269.0,11467.0,626.0,16622.0,2209.0,5288.0,25147.0,28334.0,8687.0,8582.0,4317.0,7150.0,257.0,369.0,7580.0,9042.0,1264.0,945.0,3042.0,2246.0
285,2015,강동구,458658,228709,229949,278,95,54,127,2,강동구,…,…,…,…,…,…,…,…,…,164094.0,39897.0,39877.0,38478.0,35173.0,8344.0,1867.0,458.0,2.6,180508.0,57165.0,35705.0,36542.0,39025.0,9399.0,2051.0,431.0,125.0,39.0,26.0,39897.0,19408.0,8555.0,339.0,5593.0,1776.0,4226.0,19820.0,20077.0,10124.0,9284.0,3453.0,5102.0,137.0,202.0,2543.0,3050.0,1114.0,662.0,2449.0,1777.0
286,2016,합계,9930616,4876789,5053827,5872,2203,1590,2048,31,,,,,,,,,,,3784705.0,1138860.0,931262.0,816946.0,686469.0,163555.0,37153.0,10460.0,2.5,4189839.0,1561533.0,847102.0,778997.0,761414.0,184019.0,41957.0,10351.0,2883.0,929.0,654.0,1138860.0,515463.0,240673.0,17518.0,174169.0,41637.0,149400.0,544607.0,594253.0,262455.0,253008.0,93565.0,147108.0,7190.0,10328.0,78343.0,95826.0,22718.0,18919.0,80336.0,69064.0
287,2016,종로구,152737,75201,77536,165,47,26,92,-,종로구,14.6,85.4,34.1,10.8,56,1.1,1.4,0.7,-,60786.0,22835.0,14974.0,11060.0,8712.0,2397.0,618.0,190.0,2.3,72118.0,34698.0,13049.0,10736.0,9877.0,2779.0,701.0,194.0,47.0,23.0,14.0,22835.0,11376.0,2588.0,877.0,3326.0,803.0,3865.0,11185.0,11650.0,5590.0,5786.0,1137.0,1451.0,322.0,555.0,1424.0,1902.0,403.0,400.0,2309.0,1556.0
288,2016,중구,125249,62204,63045,85,27,21,37,-,중구,23.9,76.1,43.2,16.7,32.9,2.6,1.9,4.4,-,51503.0,19671.0,13086.0,9453.0,6844.0,1836.0,480.0,133.0,2.2,59651.0,28368.0,11780.0,9138.0,7615.0,2039.0,508.0,137.0,40.0,12.0,14.0,19671.0,7441.0,5486.0,309.0,2052.0,745.0,3638.0,9730.0,9941.0,3722.0,3719.0,2357.0,3129.0,150.0,159.0,986.0,1066.0,406.0,339.0,2109.0,1529.0
289,2016,용산구,230241,111601,118640,252,138,98,16,1,용산구,18.6,81.4,38.5,15.2,36.2,2.8,7.1,3.9,-,90164.0,31641.0,23505.0,17580.0,13121.0,3327.0,780.0,210.0,2.3,106607.0,48131.0,21228.0,17086.0,14876.0,3938.0,963.0,253.0,84.0,25.0,23.0,31641.0,16604.0,5637.0,684.0,4690.0,569.0,3457.0,14511.0,17130.0,7752.0,8852.0,2107.0,3530.0,281.0,403.0,2045.0,2645.0,269.0,300.0,2057.0,1400.0
290,2016,성동구,299259,148326,150933,161,67,29,65,-,성동구,16.8,83.2,38.1,17.1,34.1,1.5,2.5,9.1,-,116401.0,37074.0,28668.0,24655.0,19874.0,4636.0,1164.0,330.0,2.4,128727.0,49318.0,26476.0,24086.0,21959.0,5161.0,1241.0,356.0,85.0,29.0,16.0,37074.0,19203.0,9332.0,257.0,2776.0,1509.0,3997.0,19129.0,17945.0,10782.0,8421.0,3699.0,5633.0,105.0,152.0,1413.0,1363.0,831.0,678.0,2299.0,1698.0
291,2016,광진구,357215,174797,182418,199,84,49,65,1,광진구,12.5,87.5,34.1,25.9,36.4,-,3.8,1.6,-,146196.0,53169.0,33221.0,28757.0,24040.0,5430.0,1202.0,377.0,2.3,158390.0,65896.0,30862.0,27358.0,26438.0,5975.0,1364.0,350.0,99.0,23.0,25.0,53169.0,33922.0,3461.0,515.0,8214.0,2257.0,4800.0,25927.0,27242.0,16880.0,17042.0,1385.0,2076.0,186.0,329.0,3779.0,4435.0,1189.0,1068.0,2508.0,2292.0
292,2016,동대문구,355069,177640,177429,266,75,57,132,2,동대문구,15.8,84.2,48.8,24.4,24.2,0.8,1.8,2.4,-,145179.0,52650.0,34094.0,27768.0,22627.0,6011.0,1584.0,445.0,2.3,159426.0,68367.0,31203.0,26741.0,24467.0,6463.0,1652.0,378.0,97.0,38.0,20.0,52650.0,29177.0,9051.0,599.0,4322.0,2448.0,7053.0,27103.0,25547.0,15541.0,13636.0,3783.0,5268.0,282.0,317.0,2164.0,2158.0,1347.0,1101.0,3986.0,3067.0
293,2016,중랑구,411005,204900,206105,310,106,78,124,2,중랑구,20,80,34.3,14.5,46.1,2,1.4,4.9,-,157571.0,45717.0,40865.0,34515.0,27503.0,6971.0,1569.0,431.0,2.5,177400.0,67162.0,38045.0,33340.0,29549.0,7269.0,1556.0,343.0,101.0,22.0,13.0,45717.0,28600.0,6891.0,760.0,5271.0,1313.0,2882.0,23176.0,22541.0,15278.0,13322.0,2640.0,4251.0,330.0,430.0,2535.0,2736.0,717.0,596.0,1676.0,1206.0
294,2016,성북구,450355,219951,230404,277,95,57,124,1,성북구,17.6,82.4,28.8,14.4,51.7,3.7,2.8,3.1,-,174370.0,54117.0,41498.0,36906.0,31578.0,7791.0,1915.0,565.0,2.5,188304.0,69093.0,38167.0,35422.0,34229.0,8556.0,2075.0,552.0,127.0,46.0,37.0,54117.0,29496.0,9688.0,1111.0,6614.0,2783.0,4425.0,24615.0,29502.0,13940.0,15556.0,3687.0,6001.0,468.0,643.0,2910.0,3704.0,1417.0,1366.0,2193.0,2232.0
295,2016,강북구,327195,160861,166334,280,91,62,127,-,강북구,21.8,78.2,33.5,13.4,48.1,0.3,0.5,5,-,125580.0,36668.0,33636.0,27243.0,20969.0,5386.0,1294.0,384.0,2.4,141229.0,52653.0,31855.0,26664.0,22483.0,5763.0,1332.0,325.0,89.0,42.0,23.0,36668.0,19573.0,5453.0,824.0,7588.0,818.0,2412.0,16871.0,19797.0,9518.0,10055.0,1964.0,3489.0,319.0,505.0,3254.0,4334.0,441.0,377.0,1375.0,1037.0
296,2016,도봉구,348220,171238,176982,212,71,59,80,2,도봉구,20,80,39.7,19,34,1.1,1.9,5.9,-,125384.0,28296.0,33279.0,30449.0,25702.0,5900.0,1375.0,383.0,2.6,136898.0,40157.0,30753.0,29216.0,27931.0,6744.0,1537.0,395.0,114.0,35.0,16.0,28296.0,11819.0,8625.0,618.0,4838.0,523.0,1873.0,12607.0,15689.0,5938.0,5881.0,2956.0,5669.0,268.0,350.0,2092.0,2746.0,289.0,234.0,1064.0,809.0
297,2016,노원구,567581,276333,291248,251,101,60,88,2,노원구,19.6,80.4,25.3,23,43.5,-,6,6.8,-,204606.0,47641.0,50338.0,49255.0,45404.0,9675.0,1867.0,426.0,2.6,219736.0,63642.0,46108.0,46104.0,50175.0,10902.0,2152.0,456.0,134.0,38.0,25.0,47641.0,11681.0,28519.0,547.0,3879.0,891.0,2124.0,20427.0,27214.0,6227.0,5454.0,10157.0,18362.0,261.0,286.0,1930.0,1949.0,534.0,357.0,1318.0,806.0
298,2016,은평구,491476,239183,252293,308,99,53,152,4,은평구,21.7,78.3,42.4,11.5,43.4,0.3,3.1,-,-,178775.0,44440.0,48170.0,41213.0,33726.0,8626.0,2032.0,568.0,2.6,201891.0,68747.0,44203.0,39913.0,36523.0,9534.0,2208.0,551.0,147.0,34.0,31.0,44440.0,17709.0,6507.0,821.0,13535.0,992.0,4876.0,19908.0,24532.0,8291.0,9418.0,2506.0,4001.0,313.0,508.0,5829.0,7706.0,530.0,462.0,2439.0,2437.0
299,2016,서대문구,314194,152510,161684,198,69,38,91,-,서대문구,17.4,82.6,34.6,20.4,38.5,0.9,1.5,4.4,-,126581.0,43298.0,30769.0,25336.0,20559.0,5042.0,1224.0,353.0,2.4,136766.0,54371.0,28028.0,24193.0,22750.0,5581.0,1380.0,344.0,81.0,17.0,21.0,43298.0,22849.0,7099.0,1042.0,7016.0,1378.0,3914.0,18918.0,24380.0,10289.0,12560.0,2712.0,4387.0,431.0,611.0,2994.0,4022.0,626.0,752.0,1866.0,2048.0
300,2016,마포구,379892,182162,197730,240,118,90,20,12,마포구,23.2,76.8,52,13.9,33,0.4,1.4,1.9,-,153610.0,53382.0,37837.0,30533.0,24334.0,5892.0,1268.0,364.0,2.3,169432.0,70544.0,34435.0,29071.0,26999.0,6449.0,1423.0,334.0,103.0,45.0,29.0,53382.0,21923.0,10301.0,686.0,10848.0,1773.0,7851.0,24004.0,29378.0,10594.0,11329.0,3997.0,6304.0,292.0,394.0,4649.0,6199.0,913.0,860.0,3559.0,4292.0
301,2016,양천구,477739,236290,241449,306,148,78,80,-,양천구,10,90,26.2,25.3,22.4,-,4.7,21.4,-,163253.0,32878.0,38620.0,41654.0,39182.0,8640.0,1798.0,481.0,2.8,177434.0,47141.0,34590.0,38548.0,44091.0,10167.0,2172.0,489.0,158.0,46.0,32.0,32878.0,13458.0,8520.0,638.0,7218.0,516.0,2528.0,15374.0,17504.0,7106.0,6352.0,3234.0,5286.0,254.0,384.0,3182.0,4036.0,267.0,249.0,1331.0,1197.0
302,2016,강서구,595485,290478,305007,288,105,65,117,1,강서구,18.2,81.8,26.1,23.1,43.1,2.9,9.3,2.1,-,222652.0,60988.0,56504.0,50606.0,42042.0,9837.0,2085.0,590.0,2.5,245045.0,83462.0,52108.0,48885.0,46360.0,11092.0,2336.0,560.0,162.0,48.0,32.0,60988.0,16627.0,18848.0,743.0,10874.0,911.0,12985.0,28199.0,32789.0,8583.0,8044.0,7689.0,11159.0,286.0,457.0,5046.0,5828.0,517.0,394.0,6078.0,6907.0
303,2016,구로구,417551,207667,209884,163,51,37,74,1,구로구,16.9,83.1,41.5,16.4,36.6,0.4,4.2,2.9,-,156671.0,42055.0,39875.0,35273.0,29972.0,7283.0,1723.0,490.0,2.5,172220.0,59834.0,36398.0,33310.0,32086.0,8092.0,1865.0,455.0,120.0,35.0,25.0,42055.0,14825.0,9498.0,1178.0,4443.0,884.0,11227.0,21128.0,20927.0,7919.0,6906.0,4004.0,5494.0,483.0,695.0,2129.0,2314.0,515.0,369.0,6078.0,5149.0
304,2016,금천구,235386,119885,115501,164,45,50,67,2,금천구,29.6,70.4,32.1,17,43.2,4.8,4.6,2.4,-,93402.0,31728.0,22652.0,19110.0,15034.0,3745.0,864.0,269.0,2.4,104483.0,42887.0,21511.0,18199.0,16485.0,4099.0,980.0,222.0,59.0,25.0,16.0,31728.0,15407.0,4687.0,616.0,3451.0,830.0,6737.0,17721.0,14007.0,8644.0,6763.0,2204.0,2483.0,274.0,342.0,1725.0,1726.0,551.0,279.0,4323.0,2414.0
305,2016,영등포구,370613,185200,185413,175,57,44,74,-,영등포구,17.5,82.5,33.6,23,45.3,0.3,1.8,1.3,-,146904.0,49453.0,35972.0,30397.0,23867.0,5544.0,1306.0,365.0,2.4,165729.0,70252.0,32240.0,28582.0,26402.0,6243.0,1442.0,388.0,100.0,50.0,30.0,49453.0,19443.0,10048.0,289.0,3854.0,1556.0,14263.0,25060.0,24393.0,10025.0,9418.0,4252.0,5796.0,119.0,170.0,2012.0,1842.0,844.0,712.0,7808.0,6455.0
306,2016,동작구,400997,196267,204730,277,146,51,80,-,동작구,21.1,78.9,24.2,22.7,45.6,0.2,7.5,1.5,-,159770.0,52954.0,38396.0,32979.0,27152.0,6401.0,1483.0,405.0,2.4,172506.0,66694.0,35226.0,31402.0,29704.0,7141.0,1706.0,440.0,128.0,43.0,22.0,52954.0,29858.0,8673.0,754.0,7943.0,2135.0,3591.0,25960.0,26994.0,15400.0,14458.0,3404.0,5269.0,345.0,409.0,3617.0,4326.0,1084.0,1051.0,2110.0,1481.0
307,2016,관악구,506851,256143,250708,550,205,318,27,-,관악구,21.1,78.9,30.9,12.1,48.3,-,6.1,4.7,-,230570.0,103972.0,51679.0,37389.0,28357.0,6997.0,1692.0,484.0,2.1,251955.0,128682.0,46565.0,35590.0,30917.0,7735.0,1827.0,459.0,108.0,36.0,36.0,103972.0,56162.0,11590.0,988.0,9908.0,9323.0,16001.0,55799.0,48173.0,31545.0,24617.0,4993.0,6597.0,425.0,563.0,4716.0,5192.0,5578.0,3745.0,8542.0,7459.0
308,2016,서초구,447192,214673,232519,112,42,27,43,1,서초구,21.5,78.5,41.3,28.6,27.7,2,1.1,2.2,-,155051.0,38357.0,37334.0,36130.0,32862.0,8068.0,1728.0,572.0,2.6,173970.0,54948.0,33198.0,34701.0,38514.0,9480.0,2248.0,602.0,180.0,53.0,46.0,38357.0,13508.0,10722.0,678.0,6947.0,1480.0,5022.0,16947.0,21410.0,6199.0,7309.0,3941.0,6781.0,256.0,422.0,3040.0,3907.0,756.0,724.0,2755.0,2267.0
309,2016,강남구,567115,271604,295511,166,65,47,53,1,강남구,20.3,79.7,44,20.7,28.3,1.1,5.7,3,-,208904.0,61998.0,50447.0,45353.0,39694.0,8984.0,1893.0,535.0,2.5,234080.0,87495.0,42282.0,42456.0,47357.0,10976.0,2528.0,669.0,195.0,79.0,43.0,61998.0,19523.0,19658.0,1058.0,10662.0,2150.0,8947.0,26157.0,35841.0,8612.0,10911.0,7245.0,12413.0,391.0,667.0,4321.0,6341.0,1017.0,1133.0,4571.0,4376.0
310,2016,송파구,657831,320557,337274,241,76,48,117,1,송파구,19.1,80.9,41.8,16.6,37.7,4.1,2.6,1.1,-,230801.0,54409.0,56203.0,55774.0,50122.0,11184.0,2462.0,647.0,2.6,258382.0,81256.0,50740.0,52635.0,57002.0,12953.0,2832.0,669.0,211.0,43.0,41.0,54409.0,16711.0,11660.0,584.0,17335.0,1780.0,6339.0,24833.0,29576.0,8402.0,8309.0,4301.0,7359.0,212.0,372.0,7564.0,9771.0,952.0,828.0,3402.0,2937.0
311,2016,강동구,444168,221118,223050,226,75,48,103,-,강동구,19.3,80.7,25.2,21.4,49.6,1,3.6,2.1,-,160021.0,39469.0,39640.0,37558.0,33192.0,7952.0,1747.0,463.0,2.6,177460.0,57735.0,36052.0,35621.0,36625.0,8888.0,1929.0,430.0,114.0,42.0,24.0,39469.0,18568.0,8131.0,342.0,6565.0,1270.0,4593.0,19318.0,20151.0,9678.0,8890.0,3211.0,4920.0,137.0,205.0,2987.0,3578.0,725.0,545.0,2580.0,2013.0
312,2017,합계,9857426,4830206,5027220,5584,2014,1622,1915,33,,,,,,,,,,,3813260.0,1180540.0,956978.0,813629.0,662920.0,154992.0,34649.0,9552.0,2.4,4220082.0,1608998.0,867814.0,776452.0,735420.0,176927.0,40051.0,10106.0,2772.0,897.0,645.0,1180540.0,509816.0,251819.0,18007.0,188113.0,42126.0,170659.0,561524.0,619016.0,259723.0,250093.0,96864.0,154955.0,7276.0,10731.0,83691.0,104422.0,22905.0,19221.0,91065.0,79594.0
313,2017,종로구,154770,75967,78803,161,45,26,89,1,종로구,25.1,74.9,26,13.9,42.2,1.2,11.5,5.1,-,62372.0,23638.0,15697.0,11268.0,8636.0,2351.0,601.0,181.0,2.2,73594.0,35539.0,13600.0,10925.0,9844.0,2717.0,668.0,209.0,58.0,21.0,13.0,23638.0,11234.0,2992.0,887.0,3279.0,868.0,4378.0,11594.0,12044.0,5565.0,5669.0,1282.0,1710.0,315.0,572.0,1407.0,1872.0,444.0,424.0,2581.0,1797.0
314,2017,중구,125709,62253,63456,99,26,25,46,2,중구,18.3,81.7,25.9,18,40.4,1.2,7.1,7.5,-,52208.0,20164.0,13623.0,9498.0,6696.0,1660.0,445.0,122.0,2.2,60412.0,28845.0,12224.0,9206.0,7517.0,1936.0,501.0,120.0,34.0,12.0,17.0,20164.0,7181.0,5673.0,301.0,2102.0,854.0,4053.0,9826.0,10338.0,3475.0,3706.0,2384.0,3289.0,142.0,159.0,1027.0,1075.0,452.0,402.0,2346.0,1707.0
315,2017,용산구,229161,110878,118283,189,105,63,12,9,용산구,25.8,74.2,23.6,22.7,48.4,1.3,3.9,-,-,91102.0,33076.0,24058.0,17316.0,12585.0,3154.0,724.0,189.0,2.2,107666.0,49518.0,21720.0,16934.0,14452.0,3753.0,923.0,234.0,79.0,27.0,26.0,33076.0,16830.0,6117.0,716.0,5027.0,630.0,3756.0,15176.0,17900.0,7833.0,8997.0,2331.0,3786.0,295.0,421.0,2232.0,2795.0,332.0,298.0,2153.0,1603.0
316,2017,성동구,304808,150368,154440,154,53,34,67,-,성동구,20.1,79.9,15.1,26.6,49.5,2.5,5.6,0.7,-,120957.0,39067.0,30728.0,25452.0,19855.0,4437.0,1115.0,303.0,2.4,132902.0,51798.0,27999.0,24603.0,21768.0,5002.0,1260.0,331.0,93.0,28.0,20.0,39067.0,19183.0,10705.0,256.0,3006.0,1539.0,4378.0,19964.0,19103.0,10794.0,8389.0,4285.0,6420.0,96.0,160.0,1458.0,1548.0,875.0,664.0,2456.0,1922.0
317,2017,광진구,357703,174414,183289,189,86,38,63,2,광진구,20,80,23.8,30.3,33.5,2.2,6.1,4.1,-,147846.0,54866.0,34309.0,28746.0,23244.0,5191.0,1151.0,339.0,2.3,160798.0,68171.0,31806.0,27507.0,25725.0,5745.0,1359.0,340.0,97.0,28.0,20.0,54866.0,34026.0,3512.0,566.0,8835.0,2364.0,5563.0,26630.0,28236.0,16999.0,17027.0,1415.0,2097.0,219.0,347.0,3850.0,4985.0,1250.0,1114.0,2897.0,2666.0
318,2017,동대문구,350647,175324,175323,236,83,56,96,1,동대문구,14.8,85.2,28.5,23,43.1,0.6,3,1.8,-,145294.0,54030.0,34391.0,27589.0,21820.0,5617.0,1458.0,389.0,2.3,159938.0,70090.0,31663.0,26511.0,23485.0,6127.0,1546.0,363.0,103.0,32.0,18.0,54030.0,28911.0,9638.0,629.0,4713.0,2432.0,7707.0,27638.0,26392.0,15375.0,13536.0,3941.0,5697.0,290.0,339.0,2396.0,2317.0,1322.0,1110.0,4314.0,3393.0
319,2017,중랑구,408226,203325,204901,284,96,84,104,-,중랑구,21.6,78.4,32.6,28.3,34.3,1.1,1.6,2.2,-,159035.0,47543.0,42102.0,34301.0,26685.0,6603.0,1402.0,399.0,2.4,179132.0,69385.0,39419.0,33027.0,28498.0,6869.0,1455.0,352.0,96.0,18.0,13.0,47543.0,29030.0,7470.0,773.0,5812.0,1403.0,3055.0,24000.0,23543.0,15574.0,13456.0,2850.0,4620.0,331.0,442.0,2712.0,3100.0,769.0,634.0,1764.0,1291.0
320,2017,성북구,444055,216556,227499,260,93,51,115,1,성북구,23.2,76.8,29.2,17.2,47.3,0.7,3.2,2.4,-,172973.0,54243.0,41856.0,36766.0,30370.0,7383.0,1839.0,516.0,2.4,187112.0,69365.0,38281.0,35319.0,33216.0,8184.0,1987.0,557.0,125.0,33.0,45.0,54243.0,28424.0,10249.0,1131.0,6953.0,2765.0,4721.0,24560.0,29683.0,13503.0,14921.0,3938.0,6311.0,484.0,647.0,2983.0,3970.0,1329.0,1436.0,2323.0,2398.0
321,2017,강북구,324479,158918,165561,276,86,77,113,-,강북구,17.3,82.7,24,30.2,44.2,0.5,0.6,0.6,-,127281.0,39082.0,34386.0,27070.0,20164.0,5059.0,1202.0,318.0,2.4,142533.0,54745.0,32534.0,26345.0,21711.0,5526.0,1262.0,270.0,85.0,30.0,25.0,39082.0,20371.0,5954.0,886.0,8294.0,926.0,2651.0,17809.0,21273.0,9776.0,10595.0,2179.0,3775.0,336.0,550.0,3507.0,4787.0,480.0,446.0,1531.0,1120.0
322,2017,도봉구,344166,168759,175407,213,81,46,86,-,도봉구,19.1,80.9,22.9,31.5,38.4,2.6,3.3,1.2,-,125974.0,29469.0,34622.0,30336.0,24408.0,5554.0,1222.0,363.0,2.6,137378.0,41294.0,31810.0,29112.0,26717.0,6470.0,1449.0,359.0,113.0,37.0,17.0,29469.0,11849.0,8970.0,589.0,5180.0,556.0,2325.0,13093.0,16376.0,5907.0,5942.0,3068.0,5902.0,243.0,346.0,2214.0,2966.0,302.0,254.0,1359.0,966.0
323,2017,노원구,554403,269508,284895,237,84,41,110,2,노원구,14.3,85.7,24.1,22.7,49.3,0.5,2.7,0.6,-,202955.0,49265.0,50990.0,48297.0,43178.0,9065.0,1759.0,401.0,2.6,217619.0,64810.0,46592.0,45562.0,47593.0,10354.0,2075.0,436.0,128.0,40.0,29.0,49265.0,11737.0,29566.0,640.0,4164.0,863.0,2295.0,20740.0,28525.0,6127.0,5610.0,10388.0,19178.0,291.0,349.0,1992.0,2172.0,500.0,363.0,1442.0,853.0
324,2017,은평구,486794,236353,250441,353,89,77,185,2,은평구,16.6,83.4,21.7,24.1,46.8,3.7,2.6,1.1,-,179641.0,46535.0,49163.0,41144.0,32289.0,8115.0,1857.0,538.0,2.5,202839.0,70698.0,45192.0,39648.0,35350.0,9107.0,2106.0,538.0,134.0,37.0,29.0,46535.0,17315.0,6987.0,851.0,14439.0,1023.0,5920.0,20727.0,25808.0,8130.0,9185.0,2703.0,4284.0,299.0,552.0,6110.0,8329.0,551.0,472.0,2934.0,2986.0
325,2017,서대문구,312800,151144,161656,192,67,39,84,2,서대문구,20.1,79.9,33.9,25.4,32.5,3.1,4.3,0.9,-,126672.0,43418.0,31366.0,25369.0,20065.0,4941.0,1161.0,352.0,2.3,137266.0,55117.0,28458.0,24332.0,22047.0,5515.0,1312.0,349.0,86.0,26.0,24.0,43418.0,21588.0,7917.0,1006.0,7135.0,1390.0,4382.0,18891.0,24527.0,9866.0,11722.0,2904.0,5013.0,383.0,623.0,3054.0,4081.0,649.0,741.0,2035.0,2347.0
326,2017,마포구,374915,178939,195976,242,114,103,15,10,마포구,23.7,76.3,30,22.7,46.2,-,-,1.2,-,152814.0,54162.0,38271.0,29979.0,23392.0,5516.0,1167.0,327.0,2.3,169408.0,71949.0,34690.0,28724.0,26036.0,6163.0,1343.0,347.0,90.0,38.0,28.0,54162.0,20949.0,10832.0,648.0,11287.0,1820.0,8626.0,24036.0,30126.0,10072.0,10877.0,4151.0,6681.0,261.0,387.0,4744.0,6543.0,949.0,871.0,3859.0,4767.0
327,2017,양천구,471154,232518,238636,289,124,156,9,-,양천구,18.2,81.8,15.2,24.9,41.8,0.5,16.5,1.1,-,162045.0,33088.0,39456.0,41391.0,37771.0,8261.0,1660.0,418.0,2.7,176649.0,47379.0,35589.0,38567.0,42582.0,9777.0,2059.0,466.0,153.0,45.0,32.0,33088.0,12439.0,8770.0,640.0,7865.0,573.0,2801.0,15252.0,17836.0,6580.0,5859.0,3223.0,5547.0,250.0,390.0,3421.0,4444.0,290.0,283.0,1488.0,1313.0
328,2017,강서구,601691,292989,308702,275,99,64,112,-,강서구,19,81,19.3,32.5,40.4,1.6,5.6,0.6,-,231739.0,68237.0,59781.0,50963.0,40778.0,9470.0,1974.0,536.0,2.4,254257.0,91595.0,54914.0,49020.0,44792.0,10925.0,2226.0,562.0,143.0,51.0,29.0,68237.0,15992.0,19968.0,799.0,12569.0,876.0,18033.0,31534.0,36703.0,8371.0,7621.0,8158.0,11810.0,311.0,488.0,5788.0,6781.0,492.0,384.0,8414.0,9619.0
329,2017,구로구,410742,204003,206739,206,51,67,88,-,구로구,16.6,83.4,21.4,26.3,43,6.8,1.3,1.1,-,156110.0,42984.0,40714.0,34809.0,28676.0,6884.0,1586.0,457.0,2.5,171570.0,60669.0,37054.0,32991.0,30792.0,7686.0,1788.0,408.0,128.0,33.0,21.0,42984.0,14533.0,10017.0,1155.0,4905.0,939.0,11435.0,21366.0,21618.0,7840.0,6693.0,4032.0,5985.0,462.0,693.0,2314.0,2591.0,523.0,416.0,6195.0,5240.0
330,2017,금천구,235154,119497,115657,138,42,36,60,-,금천구,21.1,78.9,7.4,28,58.8,0.4,3.9,1.6,-,95331.0,32928.0,23735.0,19236.0,14787.0,3595.0,819.0,231.0,2.3,106066.0,44496.0,22240.0,18232.0,15903.0,3926.0,953.0,222.0,55.0,23.0,16.0,32928.0,14950.0,4891.0,633.0,4079.0,1058.0,7317.0,18305.0,14623.0,8356.0,6594.0,2260.0,2631.0,268.0,365.0,2030.0,2049.0,688.0,370.0,4703.0,2614.0
331,2017,영등포구,368550,183975,184575,148,50,38,60,-,영등포구,18.5,81.5,16.2,24.5,42.3,3.2,4.6,9.3,-,147559.0,51151.0,36710.0,30068.0,22879.0,5277.0,1172.0,302.0,2.3,167355.0,72378.0,33120.0,28372.0,25600.0,6022.0,1348.0,368.0,80.0,35.0,32.0,51151.0,18612.0,10650.0,315.0,4100.0,1559.0,15915.0,25953.0,25198.0,9599.0,9013.0,4573.0,6077.0,123.0,192.0,2137.0,1963.0,837.0,722.0,8684.0,7231.0
332,2017,동작구,396217,193255,202962,235,117,55,63,-,동작구,21.2,78.8,31.1,27.4,39.9,1.6,-,-,-,160062.0,54355.0,38981.0,32470.0,26368.0,6126.0,1402.0,360.0,2.4,172995.0,68697.0,35530.0,30962.0,28615.0,7017.0,1591.0,428.0,99.0,35.0,21.0,54355.0,30453.0,8778.0,761.0,8466.0,2055.0,3842.0,26389.0,27966.0,15623.0,14830.0,3294.0,5484.0,332.0,429.0,3773.0,4693.0,1070.0,985.0,2297.0,1545.0
333,2017,관악구,503297,253661,249636,450,167,266,17,-,관악구,15.8,84.2,29.5,22.1,42.5,1.6,2.6,1.7,-,232212.0,106865.0,53069.0,36587.0,27139.0,6515.0,1584.0,453.0,2.1,255352.0,133850.0,47431.0,34845.0,29543.0,7319.0,1718.0,462.0,126.0,30.0,28.0,106865.0,56635.0,10990.0,1062.0,10879.0,8841.0,18458.0,57078.0,49787.0,31624.0,25011.0,4636.0,6354.0,470.0,592.0,5251.0,5628.0,5256.0,3585.0,9841.0,8617.0
334,2017,서초구,441102,211236,229866,130,49,26,55,1,서초구,18.2,81.8,20,18.8,49.6,3.7,1.3,6.6,-,155513.0,39702.0,38291.0,35950.0,31968.0,7412.0,1685.0,505.0,2.6,173594.0,55973.0,33829.0,34428.0,37230.0,9097.0,2136.0,612.0,185.0,59.0,45.0,39702.0,13538.0,10883.0,689.0,7639.0,1494.0,5459.0,17483.0,22219.0,6259.0,7279.0,3974.0,6909.0,267.0,422.0,3265.0,4374.0,778.0,716.0,2940.0,2519.0
335,2017,강남구,556164,266442,289722,146,52,40,54,-,강남구,18.7,81.3,25.6,20.3,49.3,1.8,2,1,-,207369.0,62774.0,50634.0,44795.0,38367.0,8529.0,1770.0,500.0,2.5,231612.0,87820.0,42114.0,42031.0,45784.0,10507.0,2381.0,659.0,189.0,88.0,39.0,62774.0,19259.0,19654.0,1074.0,11334.0,2143.0,9310.0,26515.0,36259.0,8487.0,10772.0,7204.0,12450.0,432.0,642.0,4553.0,6781.0,1027.0,1116.0,4812.0,4498.0
336,2017,송파구,664496,323147,341349,227,71,55,101,-,송파구,25.3,74.7,31.9,23.8,28.4,3.3,7.5,5.1,-,237516.0,58848.0,59153.0,56774.0,49044.0,10760.0,2333.0,604.0,2.6,264628.0,85227.0,52978.0,54090.0,55878.0,12730.0,2776.0,677.0,186.0,54.0,32.0,58848.0,16214.0,12221.0,631.0,18785.0,1851.0,9146.0,26901.0,31947.0,8253.0,7961.0,4391.0,7830.0,233.0,398.0,8229.0,10556.0,989.0,862.0,4806.0,4340.0
337,2017,강동구,436223,216777,219446,255,84,59,111,1,강동구,18.6,81.4,24.7,16.3,49.7,2.4,4.3,2.6,-,160680.0,41050.0,40892.0,37455.0,31756.0,7517.0,1561.0,449.0,2.6,177407.0,59590.0,37027.0,35159.0,34742.0,8453.0,1829.0,437.0,107.0,37.0,26.0,41050.0,18563.0,8415.0,369.0,7266.0,1304.0,5133.0,20064.0,20986.0,9735.0,8828.0,3300.0,5115.0,143.0,226.0,3244.0,4022.0,751.0,553.0,2891.0,2242.0
338,2018,합계,9765623,4773899,4991724,5368,2017,1572,1703,76,,,,,,,,,,,3839766.0,1229421.0,977469.0,807545.0,637385.0,147231.0,32059.0,8656.0,2.4,4263868.0,1679049.0,891792.0,768663.0,704778.0,168321.0,37669.0,9452.0,2699.0,841.0,604.0,1229421.0,513330.0,264524.0,18680.0,205178.0,43335.0,184374.0,581944.0,647477.0,262165.0,251165.0,100969.0,163555.0,7514.0,11166.0,91526.0,113652.0,23422.0,19913.0,96348.0,88026.0
339,2018,종로구,153065,74825,78240,122,50,23,49,-,종로구,…,…,-,-,-,-,-,-,-,63773.0,25326.0,15957.0,11241.0,8286.0,2228.0,573.0,162.0,2.2,73735.0,36012.0,13901.0,10952.0,9348.0,2601.0,631.0,195.0,58.0,21.0,16.0,25326.0,12405.0,3014.0,877.0,3363.0,974.0,4693.0,12635.0,12691.0,6367.0,6038.0,1227.0,1787.0,314.0,563.0,1442.0,1921.0,517.0,457.0,2768.0,1925.0
340,2018,중구,125725,61947,63778,92,29,24,38,1,중구,…,…,-,-,-,-,-,-,-,53102.0,20803.0,14101.0,9601.0,6463.0,1591.0,433.0,110.0,2.2,61502.0,29832.0,12753.0,9255.0,7238.0,1791.0,456.0,114.0,32.0,13.0,18.0,20803.0,7161.0,5875.0,337.0,2312.0,837.0,4281.0,10052.0,10751.0,3486.0,3675.0,2418.0,3457.0,152.0,185.0,1123.0,1189.0,461.0,376.0,2412.0,1869.0
341,2018,용산구,228999,110640,118359,190,79,74,17,20,용산구,…,…,-,-,-,-,-,-,-,92500.0,34240.0,24574.0,17717.0,12098.0,3019.0,681.0,171.0,2.2,108974.0,50818.0,22284.0,16997.0,14034.0,3606.0,891.0,226.0,72.0,23.0,23.0,34240.0,16962.0,6164.0,740.0,5405.0,585.0,4384.0,15794.0,18446.0,7935.0,9027.0,2331.0,3833.0,317.0,423.0,2437.0,2968.0,280.0,305.0,2494.0,1890.0
342,2018,성동구,308221,151359,156862,155,46,31,77,1,성동구,…,…,-,-,-,-,-,-,-,123963.0,40706.0,32135.0,26002.0,19548.0,4273.0,1035.0,264.0,2.3,137209.0,54940.0,29647.0,25071.0,21190.0,4794.0,1144.0,294.0,95.0,21.0,13.0,40706.0,19574.0,11160.0,305.0,3319.0,1620.0,4728.0,20309.0,20397.0,10757.0,8817.0,4333.0,6827.0,130.0,175.0,1620.0,1699.0,898.0,722.0,2571.0,2157.0
343,2018,광진구,355559,172794,182765,190,93,36,60,1,광진구,…,…,-,-,-,-,-,-,-,148735.0,56337.0,35093.0,28596.0,22354.0,4947.0,1079.0,329.0,2.3,162606.0,70605.0,32723.0,27281.0,24753.0,5508.0,1270.0,323.0,89.0,31.0,23.0,56337.0,34025.0,3591.0,585.0,9655.0,2394.0,6087.0,27057.0,29280.0,17100.0,16925.0,1359.0,2232.0,218.0,367.0,4129.0,5526.0,1222.0,1172.0,3029.0,3058.0
344,2018,동대문구,348052,173567,174485,237,91,57,86,3,동대문구,…,…,-,-,-,-,-,-,-,146974.0,55593.0,35628.0,27612.0,21139.0,5341.0,1321.0,340.0,2.3,161820.0,72616.0,32618.0,26287.0,22662.0,5777.0,1408.0,323.0,88.0,27.0,14.0,55593.0,29027.0,10703.0,622.0,5234.0,2329.0,7678.0,28098.0,27495.0,15399.0,13628.0,4340.0,6363.0,292.0,330.0,2609.0,2625.0,1207.0,1122.0,4251.0,3427.0
345,2018,중랑구,403209,200419,202790,259,84,72,100,3,중랑구,…,…,-,-,-,-,-,-,-,159444.0,49207.0,42934.0,34055.0,25381.0,6159.0,1353.0,355.0,2.4,180511.0,72086.0,40504.0,32621.0,26995.0,6517.0,1332.0,338.0,82.0,22.0,14.0,49207.0,28846.0,8012.0,834.0,6787.0,1461.0,3267.0,24711.0,24496.0,15407.0,13439.0,3085.0,4927.0,363.0,471.0,3177.0,3610.0,801.0,660.0,1878.0,1389.0
346,2018,성북구,435868,211904,223964,261,78,43,138,2,성북구,…,…,-,-,-,-,-,-,-,171943.0,55136.0,42140.0,36301.0,29176.0,7067.0,1665.0,458.0,2.4,186601.0,71004.0,38798.0,34648.0,31796.0,7789.0,1882.0,496.0,113.0,33.0,42.0,55136.0,28327.0,10703.0,1140.0,7457.0,2724.0,4785.0,24777.0,30359.0,13442.0,14885.0,3993.0,6710.0,476.0,664.0,3236.0,4221.0,1283.0,1441.0,2347.0,2438.0
347,2018,강북구,319164,156071,163093,280,98,59,119,4,강북구,…,…,-,-,-,-,-,-,-,127551.0,40872.0,34781.0,26543.0,19222.0,4748.0,1077.0,308.0,2.3,143395.0,57388.0,33037.0,25619.0,20545.0,5267.0,1147.0,252.0,93.0,22.0,25.0,40872.0,20918.0,6208.0,893.0,9084.0,917.0,2852.0,18508.0,22364.0,10104.0,10814.0,2175.0,4033.0,323.0,570.0,3786.0,5298.0,470.0,447.0,1650.0,1202.0
348,2018,도봉구,339413,166160,173253,204,76,45,82,1,도봉구,…,…,-,-,-,-,-,-,-,126286.0,30848.0,35343.0,30077.0,23237.0,5292.0,1146.0,343.0,2.5,138087.0,43182.0,32551.0,28962.0,25408.0,6092.0,1389.0,356.0,92.0,42.0,13.0,30848.0,11765.0,9737.0,626.0,5745.0,537.0,2438.0,13586.0,17262.0,5881.0,5884.0,3302.0,6435.0,250.0,376.0,2408.0,3337.0,279.0,258.0,1466.0,972.0
349,2018,노원구,543752,263919,279833,222,63,49,109,1,노원구,…,…,-,-,-,-,-,-,-,202326.0,51280.0,51939.0,47672.0,40995.0,8517.0,1542.0,381.0,2.6,217655.0,67527.0,47741.0,44866.0,45217.0,9770.0,1932.0,403.0,138.0,39.0,22.0,51280.0,11789.0,31115.0,639.0,4429.0,871.0,2437.0,21674.0,29606.0,6159.0,5630.0,11058.0,20057.0,276.0,363.0,2148.0,2281.0,529.0,342.0,1504.0,933.0
350,2018,은평구,483197,233702,249495,285,95,52,133,5,은평구,…,…,-,-,-,-,-,-,-,181338.0,48888.0,50617.0,40750.0,31086.0,7833.0,1682.0,482.0,2.5,205001.0,73517.0,46903.0,39233.0,33915.0,8691.0,2037.0,508.0,129.0,34.0,34.0,48888.0,17252.0,7428.0,907.0,15721.0,1062.0,6518.0,21694.0,27194.0,8202.0,9050.0,2836.0,4592.0,337.0,570.0,6631.0,9090.0,562.0,500.0,3126.0,3392.0
351,2018,서대문구,310313,149569,160744,179,73,23,82,1,서대문구,…,…,-,-,-,-,-,-,-,127197.0,44795.0,31734.0,25206.0,19423.0,4641.0,1082.0,316.0,2.3,138549.0,57194.0,28781.0,24437.0,21209.0,5260.0,1207.0,341.0,85.0,21.0,14.0,44795.0,21768.0,8261.0,1075.0,7608.0,1499.0,4584.0,19553.0,25242.0,10025.0,11743.0,3048.0,5213.0,410.0,665.0,3261.0,4347.0,733.0,766.0,2076.0,2508.0
352,2018,마포구,375077,178240,196837,222,106,89,15,12,마포구,…,…,-,-,-,-,-,-,-,154940.0,56837.0,38861.0,29938.0,22671.0,5233.0,1108.0,292.0,2.3,172505.0,75480.0,35381.0,28617.0,25285.0,5962.0,1279.0,342.0,103.0,31.0,25.0,56837.0,20762.0,11018.0,663.0,11909.0,1765.0,10720.0,24992.0,31845.0,10135.0,10627.0,4092.0,6926.0,275.0,388.0,5035.0,6874.0,898.0,867.0,4557.0,6163.0
353,2018,양천구,464185,228634,235551,231,117,112,2,-,양천구,…,…,-,-,-,-,-,-,-,162039.0,34304.0,40185.0,41534.0,36359.0,7768.0,1502.0,387.0,2.7,176498.0,48615.0,36590.0,38406.0,40961.0,9321.0,1930.0,462.0,143.0,41.0,29.0,34304.0,12097.0,9315.0,711.0,8716.0,594.0,2871.0,15827.0,18477.0,6487.0,5610.0,3413.0,5902.0,268.0,443.0,3790.0,4926.0,323.0,271.0,1546.0,1325.0
354,2018,강서구,596949,290079,306870,288,99,81,103,5,강서구,…,…,-,-,-,-,-,-,-,235754.0,73011.0,62155.0,50204.0,39017.0,9061.0,1807.0,499.0,2.4,258503.0,97429.0,56974.0,48238.0,42634.0,10322.0,2167.0,526.0,140.0,49.0,24.0,73011.0,15968.0,21221.0,823.0,13963.0,900.0,20136.0,33780.0,39231.0,8454.0,7514.0,8693.0,12528.0,326.0,497.0,6452.0,7511.0,508.0,392.0,9347.0,10789.0
355,2018,구로구,404497,200417,204080,173,41,53,76,3,구로구,…,…,-,-,-,-,-,-,-,156235.0,44151.0,41836.0,34633.0,27310.0,6479.0,1425.0,401.0,2.5,172457.0,62904.0,38316.0,32605.0,29225.0,7252.0,1612.0,382.0,104.0,38.0,19.0,44151.0,14196.0,11042.0,1235.0,5248.0,865.0,11565.0,21887.0,22264.0,7777.0,6419.0,4419.0,6623.0,467.0,768.0,2506.0,2742.0,494.0,371.0,6224.0,5341.0
356,2018,금천구,233917,118915,115002,135,37,38,58,2,금천구,…,…,-,-,-,-,-,-,-,96298.0,34564.0,24305.0,18948.0,14102.0,3388.0,769.0,222.0,2.3,107971.0,46842.0,23081.0,17997.0,15103.0,3779.0,870.0,210.0,52.0,22.0,15.0,34564.0,14702.0,6178.0,621.0,4813.0,937.0,7313.0,19079.0,15485.0,8231.0,6471.0,3041.0,3137.0,262.0,359.0,2458.0,2355.0,592.0,345.0,4495.0,2818.0
357,2018,영등포구,367778,183224,184554,139,50,44,43,2,영등포구,…,…,-,-,-,-,-,-,-,149831.0,53477.0,37774.0,29904.0,22271.0,5038.0,1086.0,281.0,2.3,171085.0,76795.0,34146.0,28128.0,24538.0,5738.0,1282.0,314.0,89.0,22.0,33.0,53477.0,18580.0,11139.0,321.0,4705.0,1648.0,17084.0,27090.0,26387.0,9670.0,8910.0,4646.0,6493.0,126.0,195.0,2435.0,2270.0,901.0,747.0,9312.0,7772.0
358,2018,동작구,396203,192533,203670,227,118,67,42,-,동작구,…,…,-,-,-,-,-,-,-,161495.0,56872.0,39300.0,32597.0,25296.0,5811.0,1277.0,342.0,2.3,177176.0,73426.0,36424.0,30966.0,27729.0,6609.0,1469.0,400.0,99.0,33.0,21.0,56872.0,31577.0,9061.0,796.0,9050.0,2263.0,4125.0,27452.0,29420.0,16139.0,15438.0,3335.0,5726.0,338.0,458.0,4017.0,5033.0,1166.0,1097.0,2457.0,1668.0
359,2018,관악구,501957,252160,249797,493,207,275,11,-,관악구,…,…,-,-,-,-,-,-,-,236761.0,112733.0,54106.0,35925.0,25997.0,6172.0,1451.0,377.0,2.0,262222.0,142742.0,48591.0,33787.0,28087.0,6823.0,1576.0,425.0,129.0,37.0,25.0,112733.0,59159.0,11808.0,1095.0,11742.0,9716.0,19213.0,59445.0,53288.0,32561.0,26598.0,4945.0,6863.0,472.0,623.0,5598.0,6144.0,5728.0,3988.0,10141.0,9072.0
360,2018,서초구,433951,207868,226083,124,42,15,64,3,서초구,…,…,-,-,-,-,-,-,-,155418.0,41137.0,38475.0,35620.0,31029.0,7112.0,1598.0,447.0,2.6,172918.0,57213.0,34019.0,34110.0,35896.0,8780.0,2067.0,552.0,177.0,59.0,45.0,41137.0,13202.0,11547.0,740.0,8131.0,1470.0,6047.0,18082.0,23055.0,6110.0,7092.0,4176.0,7371.0,280.0,460.0,3585.0,4546.0,767.0,703.0,3164.0,2883.0
361,2018,강남구,542364,259611,282753,158,58,41,57,2,강남구,…,…,-,-,-,-,-,-,-,203083.0,62727.0,50076.0,43542.0,36572.0,8063.0,1664.0,439.0,2.4,228775.0,88584.0,42357.0,40866.0,43665.0,10097.0,2292.0,618.0,180.0,77.0,39.0,62727.0,19038.0,18614.0,1045.0,11888.0,2222.0,9920.0,26718.0,36009.0,8593.0,10445.0,6715.0,11899.0,433.0,612.0,4935.0,6953.0,1057.0,1165.0,4985.0,4935.0
362,2018,송파구,666635,323526,343109,211,57,62,90,2,송파구,…,…,-,-,-,-,-,-,-,243547.0,63451.0,61970.0,56824.0,48156.0,10366.0,2235.0,545.0,2.5,270866.0,90734.0,55726.0,54172.0,54371.0,12242.0,2704.0,623.0,207.0,56.0,31.0,63451.0,15912.0,13129.0,659.0,20698.0,1835.0,11218.0,28740.0,34711.0,8089.0,7823.0,4754.0,8375.0,257.0,402.0,9100.0,11598.0,991.0,844.0,5549.0,5669.0
363,2018,강동구,427573,211816,215757,291,130,107,52,2,강동구,…,…,-,-,-,-,-,-,-,159233.0,42126.0,41450.0,36503.0,30197.0,7084.0,1468.0,405.0,2.5,177247.0,61564.0,37946.0,34542.0,32974.0,7933.0,1695.0,429.0,110.0,27.0,27.0,42126.0,18318.0,8481.0,391.0,8196.0,1310.0,5430.0,20404.0,21722.0,9655.0,8663.0,3235.0,5246.0,152.0,239.0,3608.0,4588.0,755.0,555.0,2999.0,2431.0
